sequence_number,Address_US,source_a,source_c,source_b,source_d,source_e,source_m,source_o,source_h,source_r,source_s,source_t,source_u,source_p,source_x,source_w,Freq,last_update,1st_update,Web_order,Gender,Address_res,Purchase,Spending
1,1,0,0,1,0,0,0,0,0,0,0,0,0,0,0,0,2,3662,3662,1,0,1,1,128
3,1,0,0,0,0,0,0,0,0,0,0,1,0,0,0,0,2,3883,3914,0,0,0,1,127
10,1,1,0,0,0,0,0,0,0,0,0,0,0,0,0,0,1,3215,3215,0,0,0,1,174
15,0,0,0,0,0,0,0,0,0,0,0,0,0,0,0,1,1,1465,1465,0,0,1,1,192
21,1,0,0,0,0,0,0,0,0,1,0,0,0,0,0,0,2,2943,2984,1,0,0,1,386
24,1,0,0,0,0,0,0,0,0,0,0,0,0,0,0,1,2,1463,1486,0,0,1,1,174
26,1,0,0,0,0,0,0,0,0,0,1,0,0,0,0,0,1,2460,2732,1,0,0,1,189
29,1,0,0,0,0,0,0,0,0,0,0,0,1,0,0,0,1,3299,3299,0,0,0,1,90
32,0,0,0,0,0,1,0,0,0,0,0,0,0,0,0,0,2,2947,3171,1,0,0,1,352
44,1,0,0,0,0,0,0,0,0,1,0,0,0,0,0,0,9,868,3138,1,0,1,1,639
49,1,0,0,0,0,0,0,0,0,0,0,0,1,0,0,0,2,1786,1822,0,0,0,1,41
53,1,1,0,0,0,0,0,0,0,0,0,0,0,0,0,0,8,106,3573,1,0,0,1,1030
57,1,0,0,0,0,1,0,0,0,0,0,0,0,0,0,0,5,1856,2424,0,0,1,1,362
58,0,0,0,0,0,1,0,0,0,0,0,0,0,0,0,0,1,2212,2212,0,0,0,1,95
66,1,0,0,0,0,1,0,0,0,0,0,0,0,0,0,0,3,1835,2926,1,0,0,1,80
71,1,0,0,0,0,0,0,0,0,0,1,0,0,0,0,0,1,3716,3716,0,0,1,1,298
79,1,0,0,0,0,0,0,0,0,1,0,0,0,0,0,0,1,2859,2859,1,0,0,1,161
82,1,0,0,0,0,0,0,0,0,0,0,0,1,0,0,0,1,2862,2906,0,0,0,1,129
84,1,1,0,0,0,0,0,0,0,0,0,0,0,0,0,0,2,3698,3698,1,0,0,1,98
86,1,0,0,1,0,0,0,0,0,0,0,0,0,0,0,0,2,2962,3243,1,0,0,1,132
87,1,0,0,0,0,0,0,0,0,0,0,0,0,0,0,1,2,841,1162,1,0,1,1,158
89,0,0,0,0,0,0,0,0,0,0,0,0,1,0,0,0,2,458,3944,1,0,0,1,248
90,1,0,0,0,0,0,0,0,0,0,0,0,0,0,0,1,1,1269,1269,1,0,0,1,277
96,1,0,0,0,0,0,0,0,0,0,0,0,1,0,0,0,1,2548,2548,1,0,0,1,230
100,1,0,0,0,0,1,0,0,0,0,0,0,0,0,0,0,3,822,1850,1,0,1,1,287
106,0,0,0,0,0,0,0,0,0,0,0,0,1,0,0,0,1,2807,2807,1,0,0,1,405
115,1,0,0,0,0,0,0,0,0,0,0,0,1,0,0,0,6,1128,3791,1,0,1,1,404
119,1,0,1,0,0,0,0,0,0,0,0,0,0,0,0,0,1,2404,2404,0,0,0,1,114
123,1,1,0,0,0,0,0,0,0,0,0,0,0,0,0,0,1,1154,1154,0,0,1,1,205
129,1,0,0,0,0,0,0,0,0,0,0,0,1,0,0,0,2,785,814,1,0,0,1,206
132,1,0,0,0,0,0,0,0,0,0,0,0,0,0,0,0,5,617,3548,0,0,0,1,356
133,1,0,0,1,0,0,0,0,0,0,0,0,0,0,0,0,1,3009,3009,0,0,1,1,129
146,1,0,0,0,0,0,0,0,0,0,0,0,1,0,0,0,1,1109,1109,0,0,0,1,21
147,1,1,0,0,0,0,0,0,0,0,0,0,0,0,0,0,5,2268,3791,0,0,0,1,605
148,1,0,0,0,0,0,0,0,0,0,0,0,0,0,0,1,1,1147,1147,1,0,0,1,164
149,1,1,0,0,0,0,0,0,0,0,0,0,0,0,0,0,2,2425,3914,0,0,0,1,130
150,1,1,0,0,0,0,0,0,0,0,0,0,0,0,0,0,1,2296,2296,0,0,0,1,161
152,1,0,0,0,0,0,0,0,0,1,0,0,0,0,0,0,2,1016,1030,1,0,0,1,451
159,1,1,0,0,0,0,0,0,0,0,0,0,0,0,0,0,2,3074,3145,1,0,0,1,163
164,1,0,0,0,0,0,0,0,0,0,0,0,1,0,0,0,1,2632,2632,1,0,0,1,140
166,0,0,0,0,0,0,0,0,0,0,0,0,1,0,0,0,2,3543,3556,0,0,0,1,129
170,1,0,0,0,0,0,0,0,0,0,0,0,0,0,0,1,2,969,974,0,0,1,1,43
172,0,0,0,0,0,0,0,0,0,0,0,0,0,0,0,1,1,364,364,1,0,0,1,249
178,1,0,0,0,0,1,0,0,0,0,0,0,0,0,0,0,1,1890,1890,1,0,0,1,77
180,1,0,0,0,1,0,0,0,0,0,0,0,0,0,0,0,3,2347,3276,0,0,0,1,219
182,1,1,0,0,0,0,0,0,0,0,0,0,0,0,0,0,2,3772,3822,1,0,0,1,149
183,0,0,0,0,0,0,0,0,0,0,0,0,1,0,0,0,2,3583,3622,1,0,0,1,140
187,1,0,0,0,0,1,0,0,0,0,0,0,0,0,0,0,3,1689,1800,0,0,1,1,108
191,1,0,0,0,0,0,0,0,0,0,0,0,1,0,0,0,1,1906,3521,1,0,0,1,50
192,1,0,0,0,0,1,0,0,0,0,0,0,0,0,0,0,1,2408,2408,1,0,0,1,54
194,1,1,0,0,0,0,0,0,0,0,0,0,0,0,0,0,1,2947,2947,0,0,0,1,80
204,1,0,0,0,0,0,0,0,0,1,0,0,0,0,0,0,1,583,594,0,0,0,1,412
208,1,0,0,0,1,0,0,0,0,0,0,0,0,0,0,0,1,3270,3270,1,0,0,1,153
210,1,0,0,0,0,0,0,0,0,0,0,0,1,0,0,0,1,1567,1567,1,0,0,1,32
211,1,1,0,0,0,0,0,0,0,0,0,0,0,0,0,0,2,2404,4036,1,0,0,1,187
212,1,0,0,0,0,0,0,0,0,0,0,0,0,0,0,1,1,906,906,0,0,0,1,80
213,1,0,0,0,0,0,0,0,0,0,0,0,0,0,0,1,2,1577,1589,1,0,0,1,277
217,0,0,0,0,0,1,0,0,0,0,0,0,0,0,0,0,4,511,1815,1,0,0,1,268
221,1,0,0,0,0,1,0,0,0,0,0,0,0,0,0,0,2,2201,2558,0,0,0,1,164
224,0,0,0,0,0,0,0,0,0,0,0,0,0,0,0,1,2,583,1060,1,0,0,1,69
227,1,0,0,0,0,0,0,0,0,0,0,0,1,0,0,0,1,2081,2081,1,0,1,1,130
228,0,0,0,0,0,0,0,0,0,0,0,0,0,0,0,1,1,2541,2541,0,0,0,1,174
229,1,1,0,0,0,0,0,0,0,0,0,0,0,0,0,0,3,2205,3390,0,0,0,1,36
232,1,1,0,0,0,0,0,0,0,0,0,0,0,0,0,0,1,2996,2996,1,0,0,1,184
233,0,0,0,0,0,1,0,0,0,0,0,0,0,0,0,0,1,1701,1701,0,0,0,1,110
235,1,0,0,0,0,1,0,0,0,0,0,0,0,0,0,0,2,2802,2834,1,0,0,1,130
236,1,0,0,0,0,0,0,0,0,0,0,1,0,0,0,0,1,1946,1946,1,0,0,1,130
246,0,0,0,0,0,0,0,0,0,0,0,0,1,0,0,0,1,772,772,0,0,0,1,80
247,1,0,0,0,0,1,0,0,0,0,0,0,0,0,0,0,2,2194,2506,0,0,1,1,161
250,1,1,0,0,0,0,0,0,0,0,0,0,0,0,0,0,2,2080,2109,1,0,1,1,35
253,1,0,0,0,0,1,0,0,0,0,0,0,0,0,0,0,1,962,2905,0,0,0,1,141
260,1,0,0,0,0,0,0,0,0,0,0,0,0,0,0,1,1,58,58,1,0,0,1,99
262,1,0,1,0,0,0,0,0,0,0,0,0,0,0,0,0,1,2960,2999,0,0,0,1,130
263,1,0,0,0,0,0,0,0,0,0,0,0,1,0,0,0,2,1882,3883,1,0,0,1,210
265,1,0,0,0,0,1,0,0,0,0,0,0,0,0,0,0,2,2163,2228,0,0,0,1,107
266,0,0,0,0,0,0,0,0,0,0,0,0,0,0,0,1,1,1683,1683,0,0,0,1,85
268,1,0,0,0,0,0,0,0,0,0,0,0,0,0,0,1,2,304,311,1,0,0,1,303
269,1,0,0,1,0,0,0,0,0,0,0,0,0,0,0,0,4,1134,3566,1,0,0,1,271
270,1,0,0,0,0,0,0,0,0,0,0,0,0,0,0,1,1,1361,1361,0,0,0,1,1250
271,1,0,0,0,0,0,1,0,0,0,0,0,0,0,0,0,2,1204,1262,0,0,0,1,81
272,1,0,0,0,0,0,0,0,0,0,0,0,1,0,0,0,1,4065,4065,0,0,0,1,32
280,1,0,0,0,0,1,0,0,0,0,0,0,0,0,0,0,4,1879,1953,0,0,0,1,164
282,1,0,0,0,0,0,0,0,0,0,1,0,0,0,0,0,2,1786,1835,1,0,0,1,95
283,1,0,0,0,0,0,0,0,0,0,0,0,1,0,0,0,4,1129,2348,0,0,0,1,280
284,1,0,0,0,0,0,0,0,0,1,0,0,0,0,0,0,2,1899,2233,0,0,1,1,166
286,1,0,0,0,0,0,0,0,0,0,0,0,0,0,1,0,1,1162,1162,1,0,1,1,164
288,1,0,0,0,0,1,0,0,0,0,0,0,0,0,0,0,1,2478,2478,0,0,0,1,136
290,0,0,0,0,0,0,0,0,0,0,0,0,0,0,0,1,2,1130,1147,0,0,0,1,309
292,1,0,0,0,0,1,0,0,0,0,0,0,0,0,0,0,2,2891,3166,1,0,1,1,143
293,1,0,0,0,0,0,0,0,0,0,0,1,0,0,0,0,1,2599,2599,1,0,0,1,130
297,0,0,0,0,0,0,0,0,0,0,0,0,1,0,0,0,3,283,640,0,0,0,1,405
299,1,0,0,0,1,0,0,0,0,0,0,0,0,0,0,0,1,3025,3025,1,0,0,1,153
300,1,0,0,0,1,0,0,0,0,0,0,0,0,0,0,0,2,1175,2299,0,0,0,1,44
302,0,0,1,0,0,0,0,0,0,0,0,0,0,0,0,0,1,2767,2767,1,0,0,1,124
303,1,0,0,0,0,1,0,0,0,0,0,0,0,0,0,0,1,1690,1690,0,0,0,1,90
304,1,0,0,0,0,0,0,0,0,0,0,0,0,0,0,1,1,1666,1666,0,0,0,1,165
305,0,0,0,0,0,0,0,0,0,0,0,0,0,1,0,0,1,2793,2793,1,0,0,1,170
308,1,0,0,0,0,0,0,0,0,0,0,0,0,0,0,1,1,1290,1290,0,0,0,1,112
309,0,0,0,0,0,1,0,0,0,0,0,0,0,0,0,0,1,1626,1626,0,0,0,1,165
310,1,0,0,0,0,0,0,0,0,0,0,0,1,0,0,0,1,1968,1968,1,0,0,1,255
311,1,0,0,0,0,0,0,1,0,0,0,0,0,0,0,0,1,2305,3745,1,0,0,1,60
313,1,0,0,0,0,1,0,0,0,0,0,0,0,0,0,0,4,526,1779,1,0,1,1,427
317,0,0,0,0,0,0,0,0,0,0,0,0,0,0,0,0,1,408,2604,0,0,1,1,188
320,0,0,0,0,0,0,0,0,0,0,0,0,1,0,0,0,3,3398,3522,1,0,0,1,192
321,0,1,0,0,0,0,0,0,0,0,0,0,0,0,0,0,2,3479,3975,0,0,1,1,189
327,1,0,0,0,0,0,0,0,1,0,0,0,0,0,0,0,2,1582,1603,1,0,1,1,3
331,1,0,0,0,0,0,0,0,0,0,0,0,1,0,0,0,1,2758,2758,1,0,0,1,161
341,1,0,0,0,0,0,0,0,0,0,0,0,0,0,0,1,2,916,919,1,0,1,1,43
344,1,0,0,0,0,0,0,0,0,0,0,0,1,0,0,0,1,1864,1864,0,0,0,1,30
345,0,0,0,0,0,0,0,0,0,0,0,0,0,0,0,1,2,295,302,0,0,0,1,164
355,0,0,0,0,0,0,0,0,0,0,0,0,0,1,0,0,3,1134,3464,0,0,1,1,314
369,1,0,0,0,0,1,0,0,0,0,0,0,0,0,0,0,3,2016,2424,1,0,0,1,1353
371,1,0,0,0,0,0,0,0,0,0,1,0,0,0,0,0,1,3146,3146,1,0,0,1,10
374,1,0,0,1,0,0,0,0,0,0,0,0,0,0,0,0,1,3248,3248,0,0,1,1,132
378,1,0,0,0,0,0,0,0,0,0,1,0,0,0,0,0,3,2201,2254,0,0,0,1,99
379,1,0,0,0,0,1,0,0,0,0,0,0,0,0,0,0,1,2529,2529,1,0,0,1,35
381,1,0,0,0,0,0,0,0,0,0,0,0,1,0,0,0,2,3283,3306,1,0,0,1,128
384,0,0,0,0,0,0,0,0,0,1,0,0,0,0,0,0,3,479,2578,0,0,0,1,459
388,1,0,0,0,0,0,0,0,0,0,1,0,0,0,0,0,2,2072,2102,0,0,0,1,105
391,1,0,0,0,1,0,0,0,0,0,0,0,0,0,0,0,1,3278,3278,1,0,0,1,153
394,1,1,0,0,0,0,0,0,0,0,0,0,0,0,0,0,3,3583,4188,0,0,0,1,205
407,1,0,1,0,0,0,0,0,0,0,0,0,0,0,0,0,1,2404,2404,0,0,0,1,114
409,1,0,0,0,0,0,1,0,0,0,0,0,0,0,0,0,1,906,906,1,0,1,1,141
410,1,0,0,0,0,0,0,0,0,0,0,0,1,0,0,0,2,1498,1536,1,0,1,1,40
412,0,0,0,0,0,0,0,0,0,1,0,0,0,0,0,0,2,2744,2758,1,0,0,1,86
420,1,0,0,0,0,1,0,0,0,0,0,0,0,0,0,0,2,247,2361,0,0,0,1,324
424,1,0,0,0,1,0,0,0,0,0,0,0,0,0,0,0,4,1122,3791,0,0,0,1,274
425,0,1,0,0,0,0,0,0,0,0,0,0,0,0,0,0,3,1137,3125,0,0,1,1,287
428,1,0,1,0,0,0,0,0,0,0,0,0,0,0,0,0,1,3125,3125,1,0,0,1,103
431,1,0,1,0,0,0,0,0,0,0,0,0,0,0,0,0,2,216,3125,1,0,0,1,134
437,1,0,0,0,0,1,0,0,0,0,0,0,0,0,0,0,2,1130,1779,0,0,0,1,252
438,0,0,0,0,0,0,0,0,0,0,0,0,0,0,0,1,1,1612,1612,0,0,0,1,43
439,1,1,0,0,0,0,0,0,0,0,0,0,0,0,0,0,3,1568,2935,1,0,0,1,344
447,1,0,0,0,0,1,0,0,0,0,0,0,0,0,0,0,1,2249,2249,0,0,0,1,54
450,1,0,0,0,0,1,0,0,0,0,0,0,0,0,0,0,1,1890,2361,0,0,0,1,85
454,1,0,0,0,0,0,0,0,0,0,0,0,1,0,0,0,1,2772,2772,1,0,0,1,135
455,1,0,0,0,0,0,0,0,0,0,0,0,1,0,0,0,2,1261,2137,0,0,0,1,44
457,1,0,0,0,0,0,0,0,0,0,0,0,0,1,0,0,2,3590,4005,1,0,0,1,116
458,1,1,0,0,0,0,0,0,0,0,0,0,0,0,0,0,2,1120,3157,1,0,1,1,172
459,1,0,0,0,0,0,0,1,0,0,0,0,0,0,0,0,3,1570,3746,1,0,0,1,104
461,1,0,0,0,0,0,0,0,0,0,0,0,1,0,0,0,1,2977,2978,0,0,0,1,70
462,0,0,0,0,0,0,0,0,0,0,0,0,0,0,0,1,2,458,583,1,0,0,1,271
467,1,1,0,0,0,0,0,0,0,0,0,0,0,0,0,0,1,2991,2991,1,0,1,1,184
471,1,1,0,0,0,0,0,0,0,0,0,0,0,0,0,0,1,2102,2102,1,0,0,1,161
476,1,1,0,0,0,0,0,0,0,0,0,0,0,0,0,0,1,2999,2999,1,0,0,1,34
481,1,0,0,0,0,0,0,0,1,0,0,0,0,0,0,0,3,301,1036,0,0,0,1,1249
487,1,0,0,0,0,0,0,0,0,0,0,0,1,0,0,0,1,113,113,1,0,0,1,308
488,1,0,0,0,0,0,0,0,0,0,0,0,1,0,0,0,4,1653,1934,1,0,1,1,192
492,0,0,0,0,0,1,0,0,0,0,0,0,0,0,0,0,2,1976,2129,0,0,0,1,43
493,1,0,0,0,0,0,0,0,0,0,0,0,1,0,0,0,5,240,2900,0,0,1,1,588
494,1,1,0,0,0,0,0,0,0,0,0,0,0,0,0,0,4,2481,3654,1,0,0,1,160
496,1,1,0,0,0,0,0,0,0,0,0,0,0,0,0,0,2,2812,3944,0,0,0,1,183
498,1,0,0,0,0,0,0,0,0,0,0,0,1,0,0,0,3,2052,2837,0,0,0,1,200
499,1,0,0,0,0,0,0,0,0,1,0,0,0,0,0,0,2,2746,3047,1,0,1,1,182
511,1,1,0,0,0,0,0,0,0,0,0,0,0,0,0,0,1,3020,3020,1,0,0,1,129
518,1,0,0,0,1,0,0,0,0,0,0,0,0,0,0,0,2,3718,3718,0,0,0,1,98
519,1,0,0,0,0,1,0,0,0,0,0,0,0,0,0,0,2,1379,1400,0,0,1,1,63
522,0,0,0,0,0,0,0,0,0,0,0,0,0,0,0,1,1,206,206,1,0,0,1,264
526,1,0,0,0,0,0,0,0,0,1,0,0,0,0,0,0,1,1792,1792,1,0,0,1,167
528,1,0,0,0,0,0,0,0,0,0,0,0,1,0,0,0,1,2607,2607,1,0,0,1,6
533,0,0,0,0,0,0,0,0,0,0,0,0,1,0,0,0,1,17,17,1,0,0,1,94
541,0,0,0,0,0,0,0,0,0,0,0,0,1,0,0,0,2,1995,2009,1,0,1,1,243
545,1,0,0,0,0,0,0,0,0,0,0,0,1,0,0,0,1,3027,3027,1,0,0,1,96
553,0,0,0,0,0,0,0,0,0,0,0,0,0,0,0,1,5,519,1890,1,0,0,1,585
555,0,0,0,0,0,0,0,0,0,1,0,0,0,0,0,0,2,2142,2145,0,0,1,1,174
556,1,0,0,0,0,0,0,0,0,0,0,0,0,0,0,1,1,597,597,1,0,0,1,240
559,1,0,0,0,0,0,0,0,0,0,0,0,0,0,0,1,1,1168,1168,1,0,0,1,40
562,1,0,1,0,0,0,0,0,0,0,0,0,0,0,0,0,2,1995,2024,1,0,1,1,117
567,1,0,0,1,0,0,0,0,0,0,0,0,0,0,0,0,3,2872,3312,1,0,0,1,122
568,1,0,0,0,0,0,0,0,0,0,0,0,0,0,0,1,1,1795,1795,0,0,0,1,230
569,1,0,0,0,0,0,0,0,0,0,0,0,0,0,0,1,1,581,581,1,0,0,1,331
578,1,0,0,0,0,0,0,0,0,0,0,0,0,0,0,1,2,1646,1717,1,0,1,1,130
579,1,0,0,0,0,0,0,0,0,0,0,0,0,0,0,1,1,2564,2564,0,0,0,1,130
580,1,1,0,0,0,0,0,0,0,0,0,0,0,0,0,0,2,3374,3374,1,0,1,1,128
582,1,1,0,0,0,0,0,0,0,0,0,0,0,0,0,0,3,1134,3125,1,0,0,1,406
586,1,0,0,0,0,0,1,0,0,0,0,0,0,0,0,0,2,3642,3642,0,0,0,1,129
587,0,0,0,0,0,0,0,0,0,0,0,0,0,0,0,1,3,260,1038,0,0,1,1,135
588,1,1,0,0,0,0,0,0,0,0,0,0,0,0,0,0,2,3914,4005,0,0,1,1,581
589,0,0,0,0,0,0,0,0,0,0,0,0,1,0,0,0,2,3521,3521,0,0,0,1,53
590,1,0,0,0,0,0,0,0,0,0,0,0,1,0,0,0,2,1850,1899,0,0,0,1,35
592,1,0,0,0,0,0,0,0,0,0,0,0,1,0,0,0,1,2257,2257,1,0,0,1,91
597,1,0,0,0,0,1,0,0,0,0,0,0,0,0,0,0,1,2445,2445,1,0,1,1,35
602,1,1,0,0,0,0,0,0,0,0,0,0,0,0,0,0,1,3199,3199,1,0,0,1,159
603,1,1,0,0,0,0,0,0,0,0,0,0,0,0,0,0,1,2781,2781,1,0,0,1,130
612,0,0,0,0,0,0,0,0,0,0,0,0,1,0,0,0,1,2962,3131,0,0,0,1,136
618,1,1,0,0,0,0,0,0,0,0,0,0,0,0,0,0,12,520,3944,1,0,0,1,1195
621,0,0,0,0,0,0,0,0,0,0,0,0,1,0,0,0,1,1491,1491,0,0,0,1,57
623,1,0,0,0,0,0,0,0,0,0,0,0,1,0,0,0,1,717,717,1,0,0,1,30
624,1,0,0,0,1,0,0,0,0,0,0,0,0,0,0,0,3,3740,3760,0,0,0,1,98
627,1,0,0,0,0,0,0,0,0,0,0,1,0,0,0,0,2,3213,3222,1,0,1,1,34
628,1,0,1,0,0,0,0,0,0,0,0,0,0,0,0,0,1,1554,1554,0,0,0,1,277
649,1,0,0,0,0,0,1,0,0,0,0,0,0,0,0,0,2,3381,3381,1,0,0,1,98
650,1,1,0,0,0,0,0,0,0,0,0,0,0,0,0,0,1,3158,3158,0,0,0,1,34
665,1,0,1,0,0,0,0,0,0,0,0,0,0,0,0,0,2,490,2017,1,0,0,1,276
667,0,0,0,0,0,1,0,0,0,0,0,0,0,0,0,0,1,2487,2487,1,0,0,1,163
676,0,0,0,0,0,0,0,0,0,0,0,0,0,0,0,1,1,1017,1017,0,0,0,1,197
681,1,1,0,0,0,0,0,0,0,0,0,0,0,0,0,0,4,2807,3683,1,0,1,1,239
682,1,1,0,0,0,0,0,0,0,0,0,0,0,0,0,0,1,3041,3041,1,0,0,1,30
687,1,0,0,0,0,0,0,0,0,0,0,1,0,0,0,0,2,2723,2752,0,0,0,1,161
691,1,0,0,0,0,1,0,0,0,0,0,0,0,0,0,0,1,709,709,1,0,0,1,160
693,1,0,0,0,0,0,0,0,0,1,0,0,0,0,0,0,1,1673,1673,1,0,0,1,129
696,1,0,0,0,0,1,0,0,0,0,0,0,0,0,0,0,3,1248,1970,0,0,1,1,202
697,1,0,0,0,0,0,0,0,0,0,0,0,1,0,0,0,1,3883,3883,1,0,0,1,97
703,1,1,0,0,0,0,0,0,0,0,0,0,0,0,0,0,1,2941,2968,0,0,0,1,285
708,1,0,0,0,1,0,0,0,0,0,0,0,0,0,0,0,2,2466,3283,1,0,0,1,188
712,1,0,0,0,0,0,0,0,0,0,0,0,0,0,0,1,2,1563,1793,0,0,0,1,160
716,1,1,0,0,0,0,0,0,0,0,0,0,0,0,0,0,2,465,2438,1,0,1,1,260
729,1,1,0,0,0,0,0,0,0,0,0,0,0,0,0,0,1,4036,4036,0,0,0,1,65
733,1,1,0,0,0,0,0,0,0,0,0,0,0,0,0,0,2,1120,2039,1,0,0,1,193
734,1,0,0,0,0,0,0,0,0,0,0,0,0,0,0,1,2,1498,1512,1,0,1,1,344
739,0,0,0,0,0,0,0,0,1,0,0,0,0,0,0,0,3,1436,1499,1,0,1,1,192
740,1,0,0,0,0,1,0,0,0,0,0,0,0,0,0,0,2,1625,1661,0,0,0,1,169
744,1,1,0,0,0,0,0,0,0,0,0,0,0,0,0,0,3,1130,3664,0,0,0,1,274
745,1,0,0,0,1,0,0,0,0,0,0,0,0,0,0,0,3,3583,3768,0,0,0,1,100
750,1,1,0,0,0,0,0,0,0,0,0,0,0,0,0,0,4,567,3883,1,0,1,1,410
754,1,0,0,0,0,0,0,0,0,0,0,1,0,0,0,0,1,4157,4188,1,0,0,1,33
755,1,0,0,1,0,0,0,0,0,0,0,0,0,0,0,0,2,3436,3458,0,0,0,1,98
761,1,0,0,0,1,0,0,0,0,0,0,0,0,0,0,0,3,3570,3613,1,0,0,1,98
765,0,0,0,0,0,0,0,0,1,0,0,0,0,0,0,0,3,1442,1583,0,0,1,1,79
775,1,0,0,0,0,0,0,0,0,0,1,0,0,0,0,0,1,1991,2004,0,0,0,1,103
777,0,0,0,0,0,0,0,0,0,0,0,0,0,0,0,1,2,822,1091,1,0,0,1,71
783,1,0,0,0,0,0,0,0,0,0,0,0,0,0,0,1,2,1710,1752,0,0,1,1,167
816,0,0,0,0,0,1,0,0,0,0,0,0,0,0,0,0,2,2571,2702,0,0,0,1,174
826,1,0,1,0,0,0,0,0,0,0,0,0,0,0,0,0,2,807,2758,1,0,0,1,114
830,1,1,0,0,0,0,0,0,0,0,0,0,0,0,0,0,4,218,2278,1,0,0,1,581
840,1,0,0,0,0,0,0,0,0,0,0,0,1,0,0,0,2,1618,1654,1,0,1,1,40
843,1,0,0,0,0,0,0,0,0,0,0,0,0,1,0,0,3,3573,4036,0,0,0,1,440
846,1,0,0,0,0,0,0,0,0,0,0,1,0,0,0,0,1,1277,1277,1,0,0,1,164
855,1,0,0,1,0,0,0,0,0,0,0,0,0,0,0,0,2,2975,2984,0,0,0,1,160
856,1,0,0,0,0,1,0,0,0,0,0,0,0,0,0,0,4,610,2402,0,0,1,1,317
863,1,1,0,0,0,0,0,0,0,0,0,0,0,0,0,0,1,3822,3822,1,0,0,1,65
875,1,0,0,0,1,0,0,0,0,0,0,0,0,0,0,0,3,2438,3768,1,0,1,1,227
882,0,0,0,0,0,0,0,0,0,0,0,0,1,0,0,0,2,2418,2436,0,0,0,1,263
887,1,0,0,0,0,1,0,0,0,0,0,0,0,0,0,0,2,1780,1792,1,0,1,1,130
894,1,0,0,0,0,1,0,0,0,0,0,0,0,0,0,0,2,1465,2138,0,0,0,1,228
895,1,1,0,0,0,0,0,0,0,0,0,0,0,0,0,0,3,822,3019,0,0,0,1,421
896,1,0,0,0,0,0,0,0,0,0,0,0,0,0,0,1,2,216,651,1,0,0,1,43
898,1,0,0,0,0,0,0,0,0,1,0,0,0,0,0,0,1,2544,2544,1,0,0,1,130
902,1,0,0,0,0,0,0,0,0,0,0,0,1,0,0,0,1,2508,2508,0,0,0,1,9
905,1,0,0,0,1,0,0,0,0,0,0,0,0,0,0,0,8,1030,3269,1,0,0,1,819
906,0,0,0,0,0,0,0,1,0,0,0,0,0,0,0,0,1,3578,3746,1,0,1,1,130
909,1,0,0,0,0,0,0,0,0,0,0,0,1,0,0,0,1,2962,3250,0,0,0,1,68
915,1,1,0,0,0,0,0,0,0,0,0,0,0,0,0,0,2,2527,3758,0,0,0,1,10
919,1,1,0,0,0,0,0,0,0,0,0,0,0,0,0,0,13,281,4005,1,0,0,1,1443
923,1,0,0,0,0,0,0,0,0,0,0,1,0,0,0,0,3,2814,2921,0,0,0,1,162
924,1,1,0,0,0,0,0,0,0,0,0,0,0,0,0,0,1,2107,2107,1,0,0,1,130
929,1,1,0,0,0,0,0,0,0,0,0,0,0,0,0,0,7,2842,3883,1,0,0,1,1393
937,0,0,0,0,0,0,0,0,0,1,0,0,0,0,0,0,1,2053,2053,0,0,0,1,345
946,1,0,0,0,0,1,0,0,0,0,0,0,0,0,0,0,1,2530,2625,0,0,0,1,136
948,1,0,0,0,0,0,0,0,0,0,0,0,1,0,0,0,1,4096,4096,0,0,1,1,97
950,1,0,0,0,0,0,0,0,0,0,0,1,0,0,0,0,3,2962,3230,1,0,0,1,162
952,1,0,0,0,0,0,0,0,0,0,0,0,0,0,1,0,1,4096,4096,1,0,0,1,128
954,1,0,0,0,0,0,0,0,0,0,0,0,0,0,0,1,1,1288,1288,1,0,1,1,30
955,1,0,0,0,0,0,0,0,0,0,0,1,0,0,0,0,7,1502,3066,0,0,1,1,347
959,1,0,0,0,0,0,0,0,0,0,0,0,0,0,0,1,3,91,1472,1,0,0,1,1370
962,1,0,0,1,0,0,0,0,0,0,0,0,0,0,0,0,3,2284,3822,1,0,0,1,271
964,1,0,0,0,0,1,0,0,0,0,0,0,0,0,0,0,3,2799,2848,1,0,0,1,104
967,0,0,1,0,0,0,0,0,0,0,0,0,0,0,0,0,1,216,216,1,0,0,1,8
969,1,0,1,0,0,0,0,0,0,0,0,0,0,0,0,0,1,2404,2404,0,0,0,1,114
979,0,0,0,0,0,0,0,0,0,0,0,1,0,0,0,0,1,3222,3222,0,0,0,1,33
980,1,1,0,0,0,0,0,0,0,0,0,0,0,0,0,0,11,220,2892,0,0,0,1,1227
993,0,0,0,0,0,0,0,0,0,0,0,0,1,0,0,0,1,2648,2648,0,0,0,1,46
994,1,0,0,0,0,0,0,0,0,0,0,0,0,0,0,1,1,868,868,1,0,0,1,43
996,1,0,1,0,0,0,0,0,0,0,0,0,0,0,0,0,4,442,2040,1,0,0,1,350
998,1,0,0,0,1,0,0,0,0,0,0,0,0,0,0,0,8,1130,3459,1,0,1,1,559
1006,1,1,0,0,0,0,0,0,0,0,0,0,0,0,0,0,3,1242,2107,0,0,1,1,165
1008,0,0,0,0,0,1,0,0,0,0,0,0,0,0,0,0,2,469,2499,0,0,0,1,338
1025,1,0,0,0,0,0,0,0,0,0,0,0,0,0,0,1,2,549,701,0,0,0,1,215
1026,1,0,0,0,0,0,0,0,0,0,0,0,0,0,1,0,4,2052,2457,1,0,0,1,355
1028,1,1,0,0,0,0,0,0,0,0,0,0,0,0,0,0,1,3360,3360,1,0,0,1,128
1033,1,1,0,0,0,0,0,0,0,0,0,0,0,0,0,0,6,1122,2681,0,0,1,1,425
1035,1,0,0,0,0,1,0,0,0,0,0,0,0,0,0,0,5,534,2400,0,0,0,1,361
1053,1,1,0,0,0,0,0,0,0,0,0,0,0,0,0,0,1,3067,3067,0,0,0,1,229
1056,1,1,0,0,0,0,0,0,0,0,0,0,0,0,0,0,2,442,1134,0,0,0,1,138
1060,0,0,0,0,0,0,0,0,0,0,0,0,1,0,0,0,5,1340,3045,1,0,0,1,262
1062,0,0,0,0,0,0,0,0,0,0,0,0,0,0,0,1,1,912,912,0,0,0,1,551
1064,1,0,0,0,0,1,0,0,0,0,0,0,0,0,0,0,2,1379,2927,1,0,1,1,63
1068,1,0,1,0,0,0,0,0,0,0,0,0,0,0,0,0,1,1261,1261,1,0,1,1,44
1069,1,0,0,0,0,0,0,0,0,0,0,0,0,0,0,1,2,1379,1401,0,0,1,1,193
1073,1,0,0,1,0,0,0,0,0,0,0,0,0,0,0,0,1,3339,3356,1,0,0,1,38
1084,1,0,0,0,0,1,0,0,0,0,0,0,0,0,0,0,2,2257,2263,1,0,0,1,264
1086,1,0,0,0,0,0,0,0,1,0,0,0,0,0,0,0,2,1882,1933,1,0,1,1,4
1087,1,1,0,0,0,0,0,0,0,0,0,0,0,0,0,0,2,3608,3608,1,0,0,1,22
1089,1,0,0,0,0,0,0,0,0,0,0,0,0,0,0,0,2,490,2829,0,0,0,1,204
1098,0,0,0,0,0,0,0,0,0,0,0,0,1,0,0,0,7,700,3215,1,0,1,1,438
1099,1,0,0,0,0,0,0,0,0,1,0,0,0,0,0,0,6,239,2296,1,0,0,1,1161
1107,1,0,0,0,0,1,0,0,0,0,0,0,0,0,0,0,3,1109,1764,0,0,1,1,173
1109,1,0,0,0,0,0,0,0,0,0,1,0,0,0,0,0,1,2327,2327,0,0,1,1,158
1116,0,0,0,0,0,0,0,0,0,1,0,0,0,0,0,0,1,372,2383,0,0,0,1,149
1118,1,0,0,0,0,0,0,0,0,0,0,0,1,0,0,0,1,556,556,1,0,0,1,174
1136,1,0,0,0,0,0,0,0,0,0,0,0,1,0,0,0,7,360,3027,1,0,0,1,1305
1139,0,0,0,0,0,0,0,0,0,0,0,0,0,0,0,1,3,835,1091,1,0,0,1,241
1142,1,0,0,1,0,0,0,0,0,0,0,0,0,0,0,0,1,3292,3292,0,0,0,1,128
1144,1,0,0,0,0,0,0,0,0,0,0,0,1,0,0,0,1,1619,1619,1,0,0,1,20
1146,1,0,0,0,0,0,0,0,0,0,0,0,1,0,0,0,1,2739,2739,0,0,0,1,8
1147,1,0,0,0,0,0,0,0,0,0,0,0,1,0,0,0,4,1877,2019,0,0,0,1,255
1149,1,1,0,0,0,0,0,0,0,0,0,0,0,0,0,0,1,3286,3286,1,0,0,1,128
1157,1,0,0,0,0,0,0,0,0,0,0,0,0,0,0,1,1,456,456,1,0,1,1,306
1159,1,0,0,0,0,0,0,0,0,0,0,0,0,0,0,1,1,134,134,0,0,0,1,163
1169,1,0,0,0,0,0,0,0,0,0,1,0,0,0,0,0,3,835,1715,0,0,1,1,56
1171,0,0,0,0,0,0,0,0,0,0,0,0,0,0,0,0,1,437,616,0,0,0,1,114
1173,1,0,0,0,0,1,0,0,0,0,0,0,0,0,0,0,2,2809,2841,0,0,0,1,191
1180,1,0,0,0,0,0,0,0,0,0,0,0,1,0,0,0,2,804,3027,1,0,0,1,303
1188,1,0,1,0,0,0,0,0,0,0,0,0,0,0,0,0,5,542,3125,0,0,0,1,578
1189,1,0,0,0,0,0,0,0,0,0,1,0,0,0,0,0,3,463,1949,0,0,0,1,412
1201,1,0,1,0,0,0,0,0,0,0,0,0,0,0,0,0,1,3125,3125,1,0,0,1,103
1215,0,0,0,0,0,1,0,0,0,0,0,0,0,0,0,0,4,1018,2984,1,0,0,1,405
1218,1,0,0,0,0,0,0,0,0,0,0,0,0,1,0,0,2,2856,3069,0,0,0,1,78
1224,1,0,0,0,0,0,0,0,0,0,0,0,0,0,0,0,4,37,1910,0,0,1,1,624
1226,1,0,0,0,1,0,0,0,0,0,0,0,0,0,0,0,2,2318,2333,1,0,0,1,161
1228,1,0,0,0,0,0,0,0,0,0,1,0,0,0,0,0,1,2838,2838,1,0,0,1,35
1231,1,1,0,0,0,0,0,0,0,0,0,0,0,0,0,0,6,408,3914,1,0,0,1,197
1234,1,0,0,0,0,1,0,0,0,0,0,0,0,0,0,0,2,2817,2927,1,0,0,1,163
1239,0,0,0,0,0,0,1,0,0,0,0,0,0,0,0,0,2,511,945,0,0,1,1,173
1243,1,0,0,0,0,0,0,0,0,0,0,0,1,0,0,0,2,1521,1577,1,0,1,1,40
1252,0,0,0,0,0,0,0,0,1,0,0,0,0,0,0,0,3,1241,1311,1,0,1,1,255
1253,1,1,0,0,0,0,0,0,0,0,0,0,0,0,0,0,1,3215,3215,0,0,0,1,230
1256,1,1,0,0,0,0,0,0,0,0,0,0,0,0,0,0,2,3564,3564,1,0,1,1,128
1263,1,0,0,0,0,0,0,0,0,1,0,0,0,0,0,0,4,463,772,0,0,1,1,406
1264,1,1,0,0,0,0,0,0,0,0,0,0,0,0,0,0,1,3304,3304,0,0,0,1,129
1269,0,0,0,0,0,1,0,0,0,0,0,0,0,0,0,0,1,2274,2274,0,0,0,1,46
1273,1,0,0,0,1,0,0,0,0,0,0,0,0,0,0,0,2,3426,3426,1,0,0,1,198
1274,1,0,0,0,1,0,0,0,0,0,0,0,0,0,0,0,2,3243,3278,1,0,1,1,7
1275,1,0,0,0,0,0,0,0,0,1,0,0,0,0,0,0,1,3883,3883,1,0,1,1,128
1276,1,1,0,0,0,0,0,0,0,0,0,0,0,0,0,0,1,3353,3353,1,0,0,1,213
1279,1,1,0,0,0,0,0,0,0,0,0,0,0,0,0,0,1,2527,2527,1,0,0,1,161
1280,1,0,0,0,0,0,0,0,0,0,0,0,0,0,0,1,2,1758,1787,0,0,0,1,230
1286,1,0,0,0,0,0,0,0,0,0,0,0,0,0,0,1,1,666,826,0,0,0,1,265
1287,1,1,0,0,0,0,0,0,0,0,0,0,0,0,0,0,2,3605,3944,0,0,0,1,246
1294,1,1,0,0,0,0,0,0,0,0,0,0,0,0,0,0,1,2807,2807,1,0,0,1,54
1296,1,1,0,0,0,0,0,0,0,0,0,0,0,0,0,0,1,1897,1897,0,0,0,1,165
1298,0,0,0,0,0,0,0,0,0,0,0,0,1,0,0,0,3,1969,2075,1,0,1,1,171
1321,1,0,0,0,0,0,0,0,0,1,0,0,0,0,0,0,3,2235,2256,1,0,0,1,390
1324,1,1,0,0,0,0,0,0,0,0,0,0,0,0,0,0,2,1592,1652,1,0,1,1,40
1325,1,0,0,0,0,0,1,0,0,0,0,0,0,0,0,0,4,14,1235,1,0,1,1,303
1328,1,0,0,0,0,0,0,0,0,1,0,0,0,0,0,0,1,2696,2696,0,0,0,1,230
1334,1,0,0,0,0,0,0,0,0,0,0,0,1,0,0,0,1,2383,2383,0,0,0,1,161
1337,1,0,0,0,0,1,0,0,0,0,0,0,0,0,0,0,3,1021,2355,1,0,0,1,182
1343,1,0,0,0,0,1,0,0,0,0,0,0,0,0,0,0,2,3374,3453,1,0,0,1,130
1345,1,0,0,0,0,1,0,0,0,0,0,0,0,0,0,0,1,2719,2719,1,0,0,1,105
1353,1,0,0,0,0,0,0,0,0,0,0,0,0,0,0,1,1,653,653,0,0,0,1,263
1361,1,1,0,0,0,0,0,0,0,0,0,0,0,0,0,0,3,3620,3650,1,0,0,1,72
1363,1,0,0,0,0,0,0,0,0,0,0,0,1,0,0,0,1,2318,2318,0,0,0,1,85
1366,0,0,0,0,0,0,0,0,0,0,0,0,1,0,0,0,1,28,28,0,0,0,1,255
1373,0,0,0,0,0,1,0,0,0,0,0,0,0,0,0,0,3,822,2478,0,0,0,1,429
1375,1,0,0,0,0,0,0,0,0,0,0,0,0,0,0,1,1,1100,1100,1,0,0,1,164
1388,1,0,0,0,0,1,0,0,0,0,0,0,0,0,0,0,1,2677,2677,0,0,0,1,161
1389,1,0,0,0,0,0,0,0,0,0,0,1,0,0,0,0,3,772,3120,0,0,0,1,551
1391,1,0,0,0,0,0,0,0,0,0,0,0,0,0,0,1,1,1261,1261,1,0,1,1,45
1398,0,0,0,0,0,0,0,0,0,0,0,0,0,0,0,1,1,255,255,1,0,0,1,244
1402,1,0,0,0,0,1,0,0,0,0,0,0,0,0,0,0,1,2464,2464,0,0,0,1,35
1404,1,0,0,0,0,0,0,0,0,0,0,1,0,0,0,0,1,2960,3103,0,0,1,1,160
1424,1,0,0,1,0,0,0,0,0,0,0,0,0,0,0,0,2,3390,3390,0,0,1,1,98
1430,1,0,1,0,0,0,0,0,0,0,0,0,0,0,0,0,2,1995,2010,1,0,1,1,117
1440,1,1,0,0,0,0,0,0,0,0,0,0,0,0,0,0,1,2955,2955,1,0,1,1,184
1448,1,0,0,0,1,0,0,0,0,0,0,0,0,0,0,0,2,3791,3791,0,0,0,1,198
1450,0,0,0,0,0,1,0,0,0,0,0,0,0,0,0,0,1,2599,2599,1,0,0,1,149
1455,1,0,0,1,0,0,0,0,0,0,0,0,0,0,0,0,5,520,3472,0,0,0,1,456
1459,1,0,0,0,0,0,0,0,0,0,0,0,0,0,0,1,1,167,167,1,0,0,1,43
1469,1,0,0,0,0,0,0,0,0,0,0,0,1,0,0,0,2,1149,3094,1,0,0,1,411
1470,1,0,0,0,0,1,0,0,0,0,0,0,0,0,0,0,1,2213,2213,0,0,0,1,65
1476,1,0,0,0,0,0,0,0,0,0,0,0,0,0,1,0,1,2305,2305,0,0,0,1,161
1478,1,0,0,0,0,0,0,1,0,0,0,0,0,0,0,0,1,3600,3746,0,0,1,1,167
1485,1,0,0,0,0,0,0,0,0,1,0,0,0,0,0,0,1,3052,3052,1,0,0,1,49
1486,1,1,0,0,0,0,0,0,0,0,0,0,0,0,0,0,2,2456,3327,1,0,0,1,266
1488,1,0,0,0,0,0,0,0,0,0,0,0,1,0,0,0,2,3615,3615,0,0,0,1,270
1493,0,0,0,0,0,0,0,0,0,0,0,0,0,0,0,1,1,976,976,1,0,0,1,54
1494,1,0,0,0,0,0,0,0,0,0,0,0,0,0,1,0,1,469,469,0,0,1,1,163
1496,1,0,0,1,0,0,0,0,0,0,0,0,0,0,0,0,3,3405,3675,0,0,0,1,131
1500,1,0,0,0,0,0,0,0,0,0,0,0,1,0,0,0,6,79,3664,0,0,0,1,415
1507,1,0,0,0,0,0,0,0,0,0,0,0,0,1,0,0,1,3615,3615,1,0,0,1,43
1516,0,0,0,0,0,0,0,0,0,0,0,0,1,0,0,0,1,3304,3304,0,0,0,1,140
1521,1,1,0,0,0,0,0,0,0,0,0,0,0,0,0,0,1,2996,2996,1,0,0,1,34
1522,1,1,0,0,0,0,0,0,0,0,0,0,0,0,0,0,3,1031,3852,1,0,1,1,214
1525,1,1,0,0,0,0,0,0,0,0,0,0,0,0,0,0,3,2934,2978,0,0,0,1,160
1526,1,0,0,0,1,0,0,0,0,0,0,0,0,0,0,0,2,3768,3768,1,0,0,1,198
1531,1,1,0,0,0,0,0,0,0,0,0,0,0,0,0,0,3,2348,3388,1,0,0,1,207
1532,0,0,0,0,0,0,0,0,0,0,0,0,0,0,0,1,1,115,115,0,0,0,1,164
1533,0,0,0,0,0,0,0,0,0,0,0,0,1,0,0,0,2,1197,1253,1,0,0,1,213
1538,1,1,0,0,0,0,0,0,0,0,0,0,0,0,0,0,3,3724,3760,1,0,0,1,38
1543,1,0,0,0,0,0,0,0,0,0,0,0,0,0,0,1,2,1240,2481,1,0,0,1,371
1544,0,0,0,0,0,0,0,0,0,0,0,0,0,0,0,1,1,973,973,1,0,1,1,243
1548,1,0,0,0,0,0,0,0,0,0,0,0,0,0,0,1,3,463,616,1,0,1,1,302
1549,1,0,0,1,0,0,0,0,0,0,0,0,0,0,0,0,3,3376,3391,0,0,1,1,132
1550,1,1,0,0,0,0,0,0,0,0,0,0,0,0,0,0,1,2289,2289,1,0,0,1,230
1551,1,0,0,1,0,0,0,0,0,0,0,0,0,0,0,0,1,3464,3464,1,0,0,1,38
1553,1,0,0,0,1,0,0,0,0,0,0,0,0,0,0,0,2,2831,2837,0,0,0,1,100
1559,1,1,0,0,0,0,0,0,0,0,0,0,0,0,0,0,1,2578,2578,1,0,0,1,161
1562,0,0,1,0,0,0,0,0,0,0,0,0,0,0,0,0,2,2233,2758,0,0,0,1,189
1566,1,0,0,0,0,0,0,0,0,1,0,0,0,0,0,0,1,3241,3241,1,0,0,1,48
1572,1,0,0,0,0,1,0,0,0,0,0,0,0,0,0,0,1,2278,2278,0,0,0,1,54
1574,1,0,1,0,0,0,0,0,0,0,0,0,0,0,0,0,3,1836,4096,0,0,0,1,179
1580,0,0,0,0,0,0,0,0,0,0,0,0,0,0,0,1,3,1646,1717,0,0,1,1,98
1583,1,0,0,0,0,0,0,0,0,0,0,0,1,0,0,0,2,1868,2185,1,0,0,1,49
1584,1,0,0,0,0,1,0,0,0,0,0,0,0,0,0,0,1,2467,2467,1,0,0,1,136
1585,0,0,0,0,0,0,0,0,0,1,0,0,0,0,0,0,3,1722,1745,0,0,1,1,439
1589,1,0,0,0,0,1,0,0,0,0,0,0,0,0,0,0,1,2618,2618,0,0,0,1,130
1591,1,0,0,0,0,1,0,0,0,0,0,0,0,0,0,0,2,1226,1240,0,0,1,1,40
1595,1,0,0,0,0,0,0,1,0,0,0,0,0,0,0,0,5,90,3747,0,0,0,1,399
1597,1,1,0,0,0,0,0,0,0,0,0,0,0,0,0,0,1,3311,3311,0,0,0,1,68
1599,1,0,0,0,1,0,0,0,0,0,0,0,0,0,0,0,1,2310,2310,1,0,0,1,136
1600,1,0,0,0,0,0,0,0,0,0,0,0,1,0,0,0,4,245,2607,1,0,0,1,655
1602,1,0,0,0,0,0,0,0,0,0,0,0,0,0,0,1,4,77,1169,0,0,1,1,407
1604,1,0,0,0,0,0,0,0,0,0,0,0,1,0,0,0,1,2690,2690,1,0,0,1,163
1605,1,1,0,0,0,0,0,0,0,0,0,0,0,0,0,0,1,2829,2829,0,0,1,1,185
1608,1,0,0,0,0,0,0,0,0,1,0,0,0,0,0,0,1,2499,2499,1,0,0,1,85
1610,1,0,0,0,0,0,0,0,0,0,0,0,0,0,0,1,2,1863,2186,1,0,0,1,136
1615,1,0,0,0,0,0,0,0,1,0,0,0,0,0,0,0,3,1400,1746,1,0,1,1,63
1616,1,0,0,0,0,0,0,0,0,1,0,0,0,0,0,0,1,3611,3914,0,0,0,1,173
1619,0,0,0,0,0,0,0,0,0,0,0,0,1,0,0,0,5,1143,2607,1,0,0,1,1123
1621,1,0,0,0,0,1,0,0,0,0,0,0,0,0,0,0,1,2807,2807,0,0,1,1,60
1631,0,0,0,0,0,0,0,0,0,0,0,0,1,0,0,0,1,2996,2996,0,0,0,1,150
1632,1,1,0,0,0,0,0,0,0,0,0,0,0,0,0,0,1,4188,4188,0,0,0,1,127
1634,1,0,0,0,0,0,0,0,0,0,0,0,0,0,0,1,2,1646,1709,0,0,1,1,167
1649,1,0,0,0,0,0,0,0,0,0,0,0,0,0,0,1,1,164,164,0,0,0,1,135
1656,0,0,0,0,0,1,0,0,0,0,0,0,0,0,0,0,1,2466,2632,0,0,0,1,274
1661,1,0,0,0,0,0,0,0,0,1,0,0,0,0,0,0,3,1976,2834,1,0,0,1,67
1665,1,1,0,0,0,0,0,0,0,0,0,0,0,0,0,0,1,2128,3013,1,0,0,1,80
1668,1,0,0,0,0,0,0,0,0,0,0,0,0,0,0,1,2,1563,1568,0,0,0,1,463
1671,1,0,0,0,0,0,0,0,0,1,0,0,0,0,0,0,1,2936,2936,1,0,0,1,66
1677,1,0,0,0,0,0,1,0,0,0,0,0,0,0,0,0,1,260,260,0,0,0,1,148
1678,1,0,0,0,0,0,0,0,0,0,0,0,0,0,0,1,1,526,526,1,0,0,1,280
1679,1,0,0,1,0,0,0,0,0,0,0,0,0,0,0,0,1,3360,3694,0,0,1,1,247
1688,1,0,0,0,0,0,0,0,0,0,1,0,0,0,0,0,2,1115,2005,1,0,0,1,390
1690,1,0,0,0,0,0,0,0,0,0,0,0,0,0,0,1,1,1128,1128,0,0,1,1,44
1692,1,0,0,0,0,0,0,0,0,0,0,0,1,0,0,0,2,1123,1242,1,0,0,1,399
1693,1,0,0,0,0,0,0,0,0,0,0,0,0,0,0,1,2,1823,1849,0,0,0,1,230
1700,1,0,0,0,0,0,0,0,0,0,0,0,0,0,0,1,2,434,463,1,0,0,1,184
1704,1,0,0,0,0,0,0,0,0,1,0,0,0,0,0,0,7,1710,3668,1,0,1,1,213
1711,0,0,0,0,0,0,0,0,0,0,0,0,0,0,0,1,1,1850,1850,1,0,0,1,136
1714,1,1,0,0,0,0,0,0,0,0,0,0,0,0,0,0,5,1577,2081,1,0,1,1,588
1717,1,0,0,0,0,1,0,0,0,0,0,0,0,0,0,0,1,2787,2787,0,0,0,1,4
1721,1,0,0,0,0,1,0,0,0,0,0,0,0,0,0,0,1,2417,2417,0,0,0,1,85
1726,1,0,0,0,0,0,0,1,0,0,0,0,0,0,0,0,1,3583,3747,1,0,0,1,43
1727,1,0,1,0,0,0,0,0,0,0,0,0,0,0,0,0,9,216,4065,1,0,1,1,378
1734,1,0,0,0,0,0,0,0,0,0,1,0,0,0,0,0,1,2446,2478,0,0,1,1,100
1744,1,0,0,0,1,0,0,0,0,0,0,0,0,0,0,0,1,3243,3243,1,0,0,1,252
1748,1,0,0,0,0,0,0,0,0,0,0,0,1,0,0,0,15,192,3207,0,0,0,1,1133
1753,1,0,0,0,0,0,0,0,0,1,0,0,0,0,0,0,1,2634,2634,1,0,0,1,74
1755,1,0,0,0,0,0,0,0,0,1,0,0,0,0,0,0,1,3229,3229,0,0,0,1,136
1759,0,0,0,0,0,0,0,0,0,0,0,0,1,0,0,0,2,3496,3496,0,0,0,1,3
1760,0,0,0,0,0,0,0,0,0,0,0,1,0,0,0,0,5,644,3188,1,0,1,1,260
1766,1,0,1,0,0,0,0,0,0,0,0,0,0,0,0,0,8,91,4096,0,0,0,1,1326
1775,1,0,0,0,0,0,0,0,0,0,0,0,0,0,1,0,1,3523,4096,1,0,1,1,98
1785,0,0,0,0,0,0,0,0,0,0,0,0,1,0,0,0,1,4127,4127,0,0,0,1,35
1802,1,0,0,0,0,0,0,0,0,0,0,0,1,0,0,0,2,470,3194,1,0,1,1,242
1808,1,0,0,0,0,0,0,0,0,1,0,0,0,0,0,0,2,721,1484,1,0,0,1,83
1809,1,0,0,1,0,0,0,0,0,0,0,0,0,0,0,0,2,3354,3355,1,0,0,1,345
1818,0,0,0,0,0,1,0,0,0,0,0,0,0,0,0,0,2,3276,3311,1,0,0,1,140
1821,0,0,0,0,0,0,0,0,0,1,0,0,0,0,0,0,2,1962,1976,1,0,1,1,138
1827,1,0,0,0,0,0,1,0,0,0,0,0,0,0,0,0,2,744,825,0,0,1,1,163
1829,1,0,0,0,0,0,0,0,0,0,0,0,0,1,0,0,1,4005,4005,1,0,0,1,43
1832,1,0,0,0,0,0,0,0,0,0,1,0,0,0,0,0,1,2158,2158,1,0,0,1,10
1839,1,1,0,0,0,0,0,0,0,0,0,0,0,0,0,0,1,2257,2257,1,0,0,1,130
1853,1,1,0,0,0,0,0,0,0,0,0,0,0,0,0,0,3,3662,3691,1,0,0,1,128
1861,0,0,0,0,0,0,0,0,0,0,0,0,0,0,0,1,1,1073,1073,1,0,0,1,105
1865,1,1,0,0,0,0,0,0,0,0,0,0,0,0,0,0,3,2143,2897,1,0,1,1,242
1867,0,0,0,1,0,0,0,0,0,0,0,0,0,0,0,0,5,1170,3405,1,0,0,1,598
1875,1,1,0,0,0,0,0,0,0,0,0,0,0,0,0,0,2,3340,3342,0,0,0,1,199
1881,1,0,0,0,0,1,0,0,0,0,0,0,0,0,0,0,2,1646,1717,0,0,1,1,130
1883,1,0,0,0,0,0,0,0,1,0,0,0,0,0,0,0,3,1739,1849,0,0,1,1,58
1885,1,0,0,0,0,0,0,0,0,0,0,0,0,0,0,1,2,458,479,0,0,0,1,142
1888,1,0,0,0,0,0,0,0,0,1,0,0,0,0,0,0,1,3312,3312,0,0,0,1,132
1893,1,0,1,0,0,0,0,0,0,0,0,0,0,0,0,0,2,1226,1240,0,0,1,1,104
1898,1,0,0,1,0,0,0,0,0,0,0,0,0,0,0,0,2,3276,3340,0,0,0,1,128
1902,0,0,0,0,0,0,0,0,0,0,0,0,0,0,0,1,4,1135,1387,0,0,0,1,272
1906,1,0,0,0,0,0,0,0,0,0,0,0,1,0,0,0,2,1123,1226,0,0,1,1,217
1910,1,0,0,0,0,0,0,0,0,0,0,0,0,0,1,0,1,4036,4036,1,0,0,1,30
1911,1,0,0,0,0,0,0,0,1,0,0,0,0,0,0,0,4,841,2088,0,0,1,1,44
1920,0,0,0,0,0,1,0,0,0,0,0,0,0,0,0,0,3,2296,2564,1,0,0,1,514
1929,0,0,0,0,0,1,0,0,0,0,0,0,0,0,0,0,5,1639,2737,1,0,0,1,563
1932,1,0,0,0,0,0,0,0,0,0,0,0,0,0,0,1,1,359,359,0,0,0,1,43
1935,0,0,0,0,0,0,0,0,0,0,0,0,0,0,0,1,2,519,1066,0,0,0,1,154
1951,1,0,0,0,0,0,0,0,0,0,0,0,1,0,0,0,2,1000,3174,0,0,0,1,80
1954,1,0,0,0,1,0,0,0,0,0,0,0,0,0,0,0,2,1899,2345,1,0,0,1,248
1958,1,0,0,1,0,0,0,0,0,0,0,0,0,0,0,0,2,491,2984,1,0,1,1,259
1959,1,1,0,0,0,0,0,0,0,0,0,0,0,0,0,0,2,2012,2046,0,0,1,1,35
1966,0,0,0,0,0,0,0,0,0,0,0,0,1,0,0,0,1,2165,2310,1,0,0,1,138
1969,1,0,0,0,1,0,0,0,0,0,0,0,0,0,0,0,3,2837,3272,0,0,1,1,160
1972,1,0,0,0,0,0,0,0,0,0,0,0,1,0,0,0,2,3541,3541,1,0,1,1,101
1973,1,1,0,0,0,0,0,0,0,0,0,0,0,0,0,0,3,939,1746,0,0,0,1,320
1975,0,0,0,0,0,1,0,0,0,0,0,0,0,0,0,0,1,1708,1708,0,0,0,1,98
1977,1,0,0,0,1,0,0,0,0,0,0,0,0,0,0,0,2,3791,3791,1,0,1,1,98
1987,1,0,0,0,0,1,0,0,0,0,0,0,0,0,0,0,4,1710,2982,0,0,1,1,145
1988,0,0,0,0,0,0,0,0,0,0,0,0,0,0,0,1,1,695,695,1,0,0,1,58
1996,1,0,0,0,0,0,0,0,0,0,0,0,1,0,0,0,1,1701,1701,1,0,0,1,30
9,1,1,0,0,0,0,0,0,0,0,0,0,0,0,0,0,4,525,2914,1,1,0,1,489
14,1,1,0,0,0,0,0,0,0,0,0,0,0,0,0,0,5,2081,2438,0,1,0,1,1416
19,1,0,0,0,0,1,0,0,0,0,0,0,0,0,0,0,2,1879,1914,1,1,1,1,130
22,1,0,0,0,0,0,0,0,0,1,0,0,0,0,0,0,2,1928,1983,0,1,0,1,161
25,1,0,0,1,0,0,0,0,0,0,0,0,0,0,0,0,3,3613,3655,1,1,0,1,131
30,1,0,0,0,0,0,0,0,0,0,1,0,0,0,0,0,2,3744,3745,0,1,0,1,354
37,1,0,0,0,0,0,0,0,0,0,0,0,1,0,0,0,2,2478,3103,0,1,0,1,185
42,1,1,0,0,0,0,0,0,0,0,0,0,0,0,0,0,2,3698,3698,0,1,0,1,34
43,1,0,0,0,1,0,0,0,0,0,0,0,0,0,0,0,2,1318,2310,0,1,1,1,161
45,1,0,0,0,0,0,0,0,0,1,0,0,0,0,0,0,2,2752,3914,0,1,0,1,638
46,1,1,0,0,0,0,0,0,0,0,0,0,0,0,0,0,1,3338,3338,0,1,1,1,159
51,1,1,0,0,0,0,0,0,0,0,0,0,0,0,0,0,2,2226,2899,0,1,0,1,232
55,1,0,0,0,0,0,0,0,0,0,0,0,1,0,0,0,1,1170,1170,1,1,0,1,375
59,1,0,0,0,0,0,0,0,0,0,0,0,1,0,0,0,2,3338,4127,0,1,0,1,109
61,1,0,0,1,0,0,0,0,0,0,0,0,0,0,0,0,3,2957,3278,1,1,0,1,136
63,1,0,0,0,0,0,0,0,0,0,0,0,1,0,0,0,3,2908,3544,0,1,0,1,261
64,1,0,0,0,0,0,0,0,0,0,0,0,0,0,0,1,1,906,906,1,1,0,1,43
65,1,0,0,0,0,1,0,0,0,0,0,0,0,0,0,0,6,1408,3746,0,1,1,1,389
68,1,1,0,0,0,0,0,0,0,0,0,0,0,0,0,0,4,479,2107,1,1,0,1,394
69,1,0,0,0,0,0,0,0,0,0,1,0,0,0,0,0,6,1470,3242,0,1,0,1,588
77,0,1,0,0,0,0,0,0,0,0,0,0,0,0,0,0,1,3125,3125,1,1,0,1,160
78,1,0,0,0,0,1,0,0,0,0,0,0,0,0,0,0,2,541,2862,1,1,1,1,50
81,1,1,0,0,0,0,0,0,0,0,0,0,0,0,0,0,1,2508,2508,0,1,0,1,233
94,1,0,0,0,0,1,0,0,0,0,0,0,0,0,0,0,1,2102,2102,1,1,0,1,54
105,1,0,0,0,0,0,0,0,0,0,0,0,1,0,0,0,1,1112,1112,0,1,0,1,164
108,1,0,0,0,0,0,0,0,0,0,0,0,1,0,0,0,1,2907,2907,0,1,0,1,160
109,1,0,0,0,0,0,0,0,0,0,1,0,0,0,0,0,1,3724,3724,0,1,0,1,305
111,0,1,0,0,0,0,0,0,0,0,0,0,0,0,0,0,3,3791,3852,1,1,1,1,534
113,0,1,0,0,0,0,0,0,0,0,0,0,0,0,0,0,1,4005,4005,1,1,0,1,105
114,1,0,0,0,0,0,0,0,0,0,0,0,0,0,0,1,1,1130,1130,1,1,0,1,79
118,0,0,0,0,0,0,0,0,0,0,0,0,0,0,0,1,2,1529,1577,0,1,0,1,186
120,1,0,0,0,0,0,0,0,0,1,0,0,0,0,0,0,1,667,667,0,1,0,1,324
121,1,1,0,0,0,0,0,0,0,0,0,0,0,0,0,0,1,4157,4157,1,1,0,1,69
122,1,0,0,0,0,0,0,0,0,0,0,0,0,0,0,0,2,3436,3517,1,1,0,1,225
125,1,0,1,0,0,0,0,0,0,0,0,0,0,0,0,0,1,1863,1863,0,1,1,1,167
128,1,0,0,0,0,0,0,0,0,0,0,0,1,0,0,0,1,1302,1302,1,1,0,1,67
130,1,1,0,0,0,0,0,0,0,0,0,0,0,0,0,0,1,3883,3883,0,1,0,1,67
131,1,0,0,0,0,0,0,1,0,0,0,0,0,0,0,0,1,2960,3746,0,1,1,1,120
136,1,1,0,0,0,0,0,0,0,0,0,0,0,0,0,0,4,1121,4065,1,1,0,1,420
138,1,0,0,0,0,0,0,0,0,0,0,0,1,0,0,0,1,2648,2648,1,1,0,1,130
140,1,0,0,0,0,0,0,0,0,0,0,0,1,0,0,0,3,1240,4157,1,1,1,1,141
143,1,0,0,0,0,0,0,0,0,0,0,0,1,0,0,0,1,2960,3213,1,1,0,1,129
156,1,0,0,0,0,0,0,0,0,0,0,0,0,0,0,1,3,1242,1394,1,1,1,1,432
160,1,1,0,0,0,0,0,0,0,0,0,0,0,0,0,0,3,2024,2369,0,1,0,1,547
167,1,0,0,0,0,0,0,0,0,0,0,0,0,0,0,1,1,169,169,1,1,0,1,163
168,1,1,0,0,0,0,0,0,0,0,0,0,0,0,0,0,3,3662,3704,0,1,1,1,310
169,1,0,0,0,0,0,0,0,0,0,0,0,0,0,0,1,2,582,1584,1,1,0,1,326
179,1,0,0,0,0,0,0,0,0,0,0,1,0,0,0,0,1,3944,3944,1,1,0,1,68
185,1,0,0,0,0,0,0,0,0,0,0,0,1,0,0,0,1,2960,3188,0,1,1,1,129
186,1,1,0,0,0,0,0,0,0,0,0,0,0,0,0,0,1,1598,1598,1,1,0,1,40
188,1,0,0,0,0,0,0,0,0,1,0,0,0,0,0,0,1,2675,2675,0,1,0,1,30
189,1,0,0,0,0,0,0,0,0,1,0,0,0,0,0,0,4,1989,3255,0,1,0,1,130
190,1,0,0,0,0,0,0,0,0,0,0,0,1,0,0,0,1,1569,1569,1,1,0,1,32
193,1,0,0,0,0,1,0,0,0,0,0,0,0,0,0,0,2,1864,2487,0,1,0,1,243
195,0,0,0,0,0,1,0,0,0,0,0,0,0,0,0,0,2,2723,2842,1,1,0,1,237
198,1,0,0,0,0,0,0,0,0,0,0,0,0,1,0,0,3,2466,4036,1,1,0,1,145
201,1,0,0,0,0,1,0,0,0,0,0,0,0,0,0,0,3,2024,2068,1,1,0,1,437
202,1,0,0,0,0,1,0,0,0,0,0,0,0,0,0,0,2,2080,2114,1,1,1,1,35
207,1,0,0,0,0,0,0,0,0,0,0,0,1,0,0,0,1,50,50,1,1,0,1,25
209,0,0,0,0,0,0,0,0,0,0,0,0,0,0,0,1,1,1926,1926,0,1,0,1,62
214,1,0,0,0,0,1,0,0,0,0,0,0,0,0,0,0,2,1037,1899,0,1,0,1,278
219,1,0,0,0,0,0,0,0,0,0,0,0,1,0,0,0,3,191,2024,1,1,0,1,363
220,1,0,0,0,0,0,0,0,0,1,0,0,0,0,0,0,1,182,182,1,1,0,1,1075
223,1,0,0,0,0,0,0,0,0,0,0,0,1,0,0,0,1,3236,3236,1,1,0,1,128
234,1,0,0,0,0,0,0,0,0,0,0,0,1,0,0,0,1,3883,3883,1,1,0,1,33
237,1,0,0,0,0,1,0,0,0,0,0,0,0,0,0,0,1,2562,2562,1,1,0,1,35
238,1,0,0,0,0,0,0,0,0,0,0,0,1,0,0,0,1,2705,2705,0,1,0,1,130
239,1,1,0,0,0,0,0,0,0,0,0,0,0,0,0,0,1,2333,2333,1,1,1,1,161
240,1,0,0,0,0,0,0,0,0,0,0,0,1,0,0,0,2,2933,2936,1,1,0,1,54
241,1,0,0,0,0,0,0,0,0,0,0,0,0,0,0,1,1,290,290,1,1,0,1,163
248,0,0,0,0,0,1,0,0,0,0,0,0,0,0,0,0,2,1141,2915,0,1,0,1,208
249,1,1,0,0,0,0,0,0,0,0,0,0,0,0,0,0,1,3011,3011,0,1,0,1,80
255,1,1,0,0,0,0,0,0,0,0,0,0,0,0,0,0,1,2648,2648,1,1,0,1,130
257,1,0,0,0,0,0,0,0,0,0,0,0,0,0,0,0,2,1758,2794,1,1,0,1,167
259,0,0,0,0,0,0,0,0,0,0,0,0,0,0,0,1,1,814,814,1,1,0,1,172
267,1,0,0,0,0,0,0,0,0,0,0,0,1,0,0,0,6,800,2640,1,1,0,1,1294
276,1,0,0,0,0,0,0,0,0,0,0,0,1,0,0,0,1,107,107,1,1,0,1,129
277,0,0,0,0,0,1,0,0,0,0,0,0,0,0,0,0,2,2009,2065,0,1,0,1,163
279,0,0,0,0,0,0,0,0,0,0,0,0,1,0,0,0,3,1086,2710,0,1,1,1,135
289,1,0,0,0,0,0,0,0,0,0,0,0,0,0,0,1,1,7,7,0,1,0,1,129
295,1,1,0,0,0,0,0,0,0,0,0,0,0,0,0,0,2,1120,3122,1,1,0,1,200
301,1,0,1,0,0,0,0,0,0,0,0,0,0,0,0,0,2,3791,3791,1,1,0,1,88
315,1,1,0,0,0,0,0,0,0,0,0,0,0,0,0,0,1,1991,1991,0,1,0,1,261
318,1,1,0,0,0,0,0,0,0,0,0,0,0,0,0,0,1,2102,2102,1,1,0,1,161
319,1,0,0,0,0,0,0,0,0,0,0,0,0,1,0,0,4,2100,3944,0,1,0,1,204
323,1,0,0,0,0,0,0,0,0,0,0,0,0,1,0,0,2,520,1008,1,1,0,1,212
324,1,0,0,0,0,0,0,0,0,1,0,0,0,0,0,0,2,2194,2241,0,1,1,1,30
332,1,0,0,1,0,0,0,0,0,0,0,0,0,0,0,0,3,2481,3359,1,1,0,1,619
335,1,0,1,0,0,0,0,0,0,0,0,0,0,0,0,0,1,2404,2404,0,1,0,1,114
346,1,0,0,0,0,0,0,1,0,0,0,0,0,0,0,0,2,1128,3746,0,1,0,1,248
347,1,0,0,0,0,0,0,0,1,0,0,0,0,0,0,0,4,492,1792,1,1,1,1,139
349,1,0,0,0,0,0,0,0,0,0,1,0,0,0,0,0,1,2962,3244,1,1,0,1,96
350,1,1,0,0,0,0,0,0,0,0,0,0,0,0,0,0,1,4157,4157,0,1,0,1,98
351,1,0,0,0,0,0,1,0,0,0,0,0,0,0,0,0,1,891,891,1,1,0,1,81
352,1,0,1,0,0,0,0,0,0,0,0,0,0,0,0,0,3,2065,3822,0,1,0,1,197
354,1,0,1,0,0,0,0,0,0,0,0,0,0,0,0,0,2,2054,2404,1,1,0,1,25
362,0,0,0,0,0,0,0,0,1,0,0,0,0,0,0,0,3,841,2088,1,1,1,1,50
365,1,1,0,0,0,0,0,0,0,0,0,0,0,0,0,0,2,3655,3655,0,1,0,1,35
368,1,0,0,0,0,1,0,0,0,0,0,0,0,0,0,0,1,2802,2802,1,1,0,1,161
370,1,0,0,0,0,1,0,0,0,0,0,0,0,0,0,0,10,430,2772,1,1,0,1,1184
373,1,0,0,0,0,0,0,0,0,1,0,0,0,0,0,0,2,1536,1709,0,1,0,1,1500
376,0,1,0,0,0,0,0,0,0,0,0,0,0,0,0,0,1,3235,3235,1,1,1,1,110
377,1,0,0,0,0,0,0,0,0,0,0,0,1,0,0,0,2,1031,3388,0,1,0,1,191
380,1,1,0,0,0,0,0,0,0,0,0,0,0,0,0,0,3,3129,3262,0,1,0,1,217
385,1,0,0,0,0,0,0,0,0,0,0,0,0,0,0,1,1,1192,1192,1,1,0,1,44
386,1,0,0,0,0,0,0,0,0,0,0,0,1,0,0,0,1,314,314,0,1,0,1,149
387,0,0,0,0,0,1,0,0,0,0,0,0,0,0,0,0,2,506,1785,1,1,0,1,282
389,1,0,0,0,0,1,0,0,0,0,0,0,0,0,0,0,1,2618,2618,1,1,1,1,6
390,1,0,0,0,0,0,0,0,0,0,0,0,1,0,0,0,1,9,9,0,1,1,1,196
393,1,0,0,0,0,0,0,0,0,0,0,0,0,0,0,1,3,1529,1619,0,1,1,1,424
400,0,0,0,0,0,0,0,0,0,0,0,0,0,0,0,1,2,458,827,1,1,0,1,114
401,0,0,0,0,0,0,0,0,0,0,0,0,0,0,0,1,2,864,1248,0,1,0,1,163
403,1,0,0,0,0,0,0,0,0,0,0,1,0,0,0,0,2,3975,4157,1,1,0,1,170
404,1,0,0,0,0,1,0,0,0,0,0,0,0,0,0,0,2,2044,2081,1,1,1,1,136
405,1,0,0,0,0,1,0,0,0,0,0,0,0,0,0,0,2,1646,1708,0,1,1,1,83
418,1,0,0,0,0,0,0,0,0,1,0,0,0,0,0,0,3,1842,2737,1,1,1,1,169
423,1,0,0,0,0,0,0,0,0,0,0,0,0,0,0,1,1,758,758,0,1,0,1,83
427,0,0,0,0,0,1,0,0,0,0,0,0,0,0,0,0,4,1794,2291,1,1,1,1,259
432,1,1,0,0,0,0,0,0,0,0,0,0,0,0,0,0,4,1498,2831,0,1,1,1,209
433,1,0,0,0,1,0,0,0,0,0,0,0,0,0,0,0,3,1739,3278,0,1,0,1,226
440,1,1,0,0,0,0,0,0,0,0,0,0,0,0,0,0,1,2102,2102,1,1,0,1,54
442,1,0,0,0,0,0,0,0,0,0,0,0,0,0,0,1,1,535,535,0,1,1,1,149
445,1,0,0,0,0,0,0,0,0,0,0,0,1,0,0,0,1,486,486,0,1,0,1,30
446,1,1,0,0,0,0,0,0,0,0,0,0,0,0,0,0,1,3262,3262,1,1,0,1,158
448,0,0,0,0,0,0,0,0,0,0,0,0,1,0,0,0,3,2647,3689,0,1,0,1,1255
449,1,1,0,0,0,0,0,0,0,0,0,0,0,0,0,0,2,3593,3593,0,1,0,1,98
453,0,0,0,0,0,0,0,0,0,0,0,0,1,0,0,0,1,4188,4188,1,1,0,1,137
456,1,0,0,0,0,0,1,0,0,0,0,0,0,0,0,0,1,827,827,1,1,0,1,163
477,1,0,0,0,0,0,0,0,0,0,0,0,1,0,0,0,3,463,2432,1,1,0,1,322
484,1,0,0,0,0,0,0,0,0,0,0,0,0,0,0,1,1,308,308,0,1,0,1,40
486,1,1,0,0,0,0,0,0,0,0,0,0,0,0,0,0,1,2415,2415,1,1,0,1,35
490,1,0,0,0,0,0,0,0,0,0,0,0,0,0,0,1,2,1708,1800,1,1,0,1,122
505,1,0,0,0,0,0,0,0,0,0,1,0,0,0,0,0,2,2962,3244,1,1,0,1,95
508,1,0,0,0,0,0,0,0,0,0,0,0,1,0,0,0,1,3549,3549,1,1,0,1,229
516,1,0,0,0,0,0,0,0,0,1,0,0,0,0,0,0,3,1592,1683,1,1,1,1,30
520,1,0,0,0,0,0,0,0,0,0,0,0,0,0,0,1,3,148,1113,0,1,1,1,214
527,1,0,0,0,0,0,0,0,0,1,0,0,0,0,0,0,1,2845,2845,0,1,0,1,120
534,1,1,0,0,0,0,0,0,0,0,0,0,0,0,0,0,2,491,3671,1,1,1,1,139
537,0,0,0,0,0,0,0,0,0,0,0,1,0,0,0,0,2,3513,3529,1,1,0,1,219
538,1,0,0,0,0,0,0,0,0,0,0,0,0,0,1,0,1,1184,3376,0,1,0,1,44
539,0,1,0,0,0,0,0,0,0,0,0,0,0,0,0,0,2,3636,3648,1,1,0,1,128
542,0,0,0,0,0,1,0,0,0,0,0,0,0,0,0,0,1,2102,2102,1,1,0,1,171
543,1,0,0,0,0,0,0,0,0,0,0,0,1,0,0,0,1,1851,1851,1,1,0,1,30
547,1,0,0,1,0,0,0,0,0,0,0,0,0,0,0,0,3,2957,3382,0,1,0,1,130
551,0,0,0,0,0,0,0,0,0,0,0,0,1,0,0,0,1,2220,2220,0,1,0,1,171
561,1,0,0,0,0,0,0,0,0,0,0,0,1,0,0,0,5,1374,3229,0,1,0,1,369
566,1,0,0,0,0,0,0,0,0,1,0,0,0,0,0,0,1,3201,3201,1,1,0,1,129
571,0,0,0,0,0,0,0,1,0,0,0,0,0,0,0,0,2,2459,3746,1,1,0,1,153
574,1,0,1,0,0,0,0,0,0,0,0,0,0,0,0,0,5,216,2758,1,1,1,1,123
575,0,0,0,0,0,0,0,0,0,0,0,0,0,0,0,1,2,2831,2887,1,1,0,1,170
576,1,0,0,0,0,0,0,0,0,0,0,0,1,0,0,0,1,2417,2417,1,1,0,1,130
577,1,0,0,0,0,0,0,0,0,0,0,0,1,0,0,0,1,3944,3944,1,1,0,1,128
583,1,0,1,0,0,0,0,0,0,0,0,0,0,0,0,0,1,1680,1680,1,1,0,1,116
585,1,0,0,0,0,0,0,0,0,1,0,0,0,0,0,0,3,465,2897,0,1,0,1,133
596,1,0,0,0,0,1,0,0,0,0,0,0,0,0,0,0,2,2199,2257,1,1,0,1,81
599,1,1,0,0,0,0,0,0,0,0,0,0,0,0,0,0,1,2481,2481,1,1,0,1,153
601,1,0,0,0,0,1,0,0,0,0,0,0,0,0,0,0,7,216,2051,1,1,1,1,150
607,1,0,0,0,1,0,0,0,0,0,0,0,0,0,0,0,2,2326,2333,1,1,0,1,161
615,1,0,0,0,0,0,0,0,0,1,0,0,0,0,0,0,2,162,188,1,1,0,1,1162
625,1,0,0,0,1,0,0,0,0,0,0,0,0,0,0,0,2,2957,3171,0,1,0,1,129
634,1,0,0,0,0,0,0,0,0,0,0,0,1,0,0,0,1,4065,4065,1,1,0,1,128
635,1,0,1,0,0,0,0,0,0,0,0,0,0,0,0,0,2,850,868,1,1,0,1,210
636,1,0,0,0,0,0,0,0,0,1,0,0,0,0,0,0,5,15,3283,0,1,0,1,142
641,1,0,0,0,0,0,0,0,0,0,0,0,0,0,0,1,1,120,120,0,1,0,1,149
643,1,0,0,0,0,0,0,0,0,0,0,0,0,0,0,0,1,582,829,0,1,0,1,69
644,1,0,0,0,0,0,0,0,0,0,0,0,0,0,0,1,1,2704,2905,1,1,0,1,8
645,1,0,0,1,0,0,0,0,0,0,0,0,0,0,0,0,7,1128,3430,1,1,1,1,236
646,1,0,0,0,0,0,0,0,0,0,0,1,0,0,0,0,2,3944,4096,0,1,1,1,362
651,1,0,0,0,0,1,0,0,0,0,0,0,0,0,0,0,1,2759,2759,0,1,0,1,35
653,1,0,0,1,0,0,0,0,0,0,0,0,0,0,0,0,3,792,3689,0,1,0,1,331
656,1,0,0,0,0,0,0,0,0,0,0,0,1,0,0,0,1,3327,3327,1,1,1,1,98
664,0,0,0,0,0,0,0,0,0,0,0,1,0,0,0,0,2,3157,3180,1,1,0,1,162
666,1,0,0,0,0,0,0,0,0,0,0,0,0,0,0,1,2,2012,2053,1,1,1,1,160
668,1,0,0,0,0,0,0,0,0,0,0,0,1,0,0,0,1,3342,3342,0,1,0,1,98
674,1,1,0,0,0,0,0,0,0,0,0,0,0,0,0,0,3,2829,3381,0,1,0,1,163
678,1,0,0,0,0,0,0,0,0,0,0,0,1,0,0,0,1,581,581,0,1,1,1,203
690,1,0,0,0,0,0,0,0,0,0,0,0,1,0,0,0,1,2402,2402,0,1,0,1,85
695,1,0,1,0,0,0,0,0,0,0,0,0,0,0,0,0,1,2379,2379,0,1,0,1,207
698,1,0,0,0,0,0,0,0,1,0,0,0,0,0,0,0,3,1809,1925,1,1,1,1,58
702,1,0,0,0,0,0,0,0,0,0,0,0,0,0,1,0,5,549,2306,1,1,1,1,484
704,1,0,0,0,0,0,0,0,0,0,0,0,1,0,0,0,1,609,609,0,1,0,1,162
705,1,0,0,0,0,1,0,0,0,0,0,0,0,0,0,0,3,2158,2249,1,1,0,1,64
707,0,0,0,0,0,0,0,0,0,0,0,0,0,0,0,1,1,1052,1052,0,1,0,1,170
717,1,0,0,0,0,0,0,0,0,0,0,0,0,0,1,0,1,3496,3496,0,1,0,1,40
721,1,1,0,0,0,0,0,0,0,0,0,0,0,0,0,0,4,1128,2996,0,1,0,1,620
722,1,0,0,1,0,0,0,0,0,0,0,0,0,0,0,0,2,3382,3382,1,1,0,1,132
724,1,0,1,0,0,0,0,0,0,0,0,0,0,0,0,0,1,582,582,1,1,0,1,89
726,1,0,0,0,0,0,0,0,0,0,0,0,1,0,0,0,1,2313,2313,0,1,0,1,140
730,0,0,0,0,0,0,0,0,0,0,0,0,0,0,0,1,1,770,770,0,1,0,1,43
735,0,0,0,0,0,1,0,0,0,0,0,0,0,0,0,0,1,2634,2634,0,1,0,1,116
736,1,0,0,0,0,0,0,0,0,0,0,1,0,0,0,0,2,1120,3244,0,1,0,1,124
737,1,0,0,0,0,0,0,0,0,0,1,0,0,0,0,0,1,2452,2478,1,1,0,1,100
743,1,1,0,0,0,0,0,0,0,0,0,0,0,0,0,0,2,3054,3067,0,1,1,1,99
746,1,0,0,0,0,0,0,0,0,0,0,0,0,0,1,0,2,3695,3695,0,1,0,1,129
753,1,1,0,0,0,0,0,0,0,0,0,0,0,0,0,0,1,2947,2947,0,1,0,1,230
762,1,1,0,0,0,0,0,0,0,0,0,0,0,0,0,0,2,3670,3670,1,1,0,1,19
768,1,0,0,0,0,0,0,0,0,0,0,0,0,0,0,1,1,1605,1605,1,1,0,1,85
769,1,1,0,0,0,0,0,0,0,0,0,0,0,0,0,0,3,1164,3822,1,1,0,1,349
776,1,0,0,0,1,0,0,0,0,0,0,0,0,0,0,0,1,3264,3264,0,1,0,1,39
778,1,0,0,0,0,1,0,0,0,0,0,0,0,0,0,0,1,1752,1752,0,1,0,1,54
779,1,1,0,0,0,0,0,0,0,0,0,0,0,0,0,0,2,479,2908,1,1,0,1,204
780,1,1,0,0,0,0,0,0,0,0,0,0,0,0,0,0,3,2564,3390,0,1,0,1,73
786,1,1,0,0,0,0,0,0,0,0,0,0,0,0,0,0,1,2828,2828,0,1,0,1,130
787,1,0,0,0,0,0,0,0,0,0,0,0,1,0,0,0,2,1043,2733,0,1,0,1,335
788,1,1,0,0,0,0,0,0,0,0,0,0,0,0,0,0,2,2080,2101,1,1,0,1,130
792,1,0,0,0,0,1,0,0,0,0,0,0,0,0,0,0,2,2656,2849,0,1,0,1,85
793,1,0,0,0,0,0,0,0,0,0,0,0,0,0,1,0,1,1154,1154,1,1,1,1,44
799,1,0,0,0,0,0,1,0,0,0,0,0,0,0,0,0,3,3374,3549,0,1,1,1,163
802,1,0,0,0,0,0,0,0,0,0,1,0,0,0,0,0,2,539,2544,1,1,0,1,131
803,1,0,0,0,0,1,0,0,0,0,0,0,0,0,0,0,1,2333,2333,0,1,0,1,161
804,1,0,0,0,0,0,0,0,0,1,0,0,0,0,0,0,1,2626,2626,1,1,0,1,25
805,1,0,1,0,0,0,0,0,0,0,0,0,0,0,0,0,1,2375,2375,1,1,0,1,145
807,1,0,0,0,0,0,0,0,0,0,0,0,1,0,0,0,2,2887,3125,0,1,1,1,159
812,0,0,0,0,0,1,0,0,0,0,0,0,0,0,0,0,1,2590,2590,1,1,0,1,163
813,1,0,0,0,0,0,1,0,0,0,0,0,0,0,0,0,1,905,905,0,1,0,1,81
820,1,0,0,0,0,0,0,0,0,0,0,0,1,0,0,0,1,2417,2417,1,1,0,1,270
821,1,0,0,0,0,1,0,0,0,0,0,0,0,0,0,0,1,3158,3158,0,1,0,1,34
823,0,0,0,0,0,0,0,0,0,0,0,0,0,0,0,1,1,155,155,0,1,0,1,164
828,1,0,0,0,0,0,0,0,0,0,0,0,1,0,0,0,1,3251,3251,1,1,0,1,15
829,1,0,0,0,0,0,0,0,0,0,0,0,0,0,0,0,1,3269,3269,0,1,0,1,31
835,0,0,0,0,0,0,0,0,0,1,0,0,0,0,0,0,11,918,3479,0,1,0,1,1441
837,1,0,1,0,0,0,0,0,0,0,0,0,0,0,0,0,4,1240,2758,0,1,0,1,232
839,1,1,0,0,0,0,0,0,0,0,0,0,0,0,0,0,2,4005,4127,0,1,0,1,141
850,0,0,0,0,0,0,0,0,0,0,0,0,0,1,0,0,1,3944,3944,1,1,0,1,49
851,1,0,0,0,0,0,0,0,0,0,0,0,0,0,0,0,4,801,1865,1,1,0,1,253
852,1,0,0,0,0,0,0,0,0,0,0,0,1,0,0,0,3,1759,1879,1,1,1,1,130
853,1,1,0,0,0,0,0,0,0,0,0,0,0,0,0,0,1,2999,2999,1,1,0,1,160
854,0,1,0,0,0,0,0,0,0,0,0,0,0,0,0,0,4,1794,3101,1,1,0,1,525
862,1,1,0,0,0,0,0,0,0,0,0,0,0,0,0,0,1,1752,3013,0,1,0,1,160
867,1,0,0,0,0,0,0,0,0,1,0,0,0,0,0,0,2,3536,3541,0,1,0,1,128
868,1,0,1,0,0,0,0,0,0,0,0,0,0,0,0,0,3,1121,2016,1,1,0,1,247
869,1,0,0,0,0,0,0,0,0,0,0,1,0,0,0,0,1,3852,3852,1,1,0,1,128
871,1,0,0,0,1,0,0,0,0,0,0,0,0,0,0,0,2,2018,2047,0,1,0,1,161
873,1,0,1,0,0,0,0,0,0,0,0,0,0,0,0,0,2,1240,2404,1,1,0,1,54
877,1,1,0,0,0,0,0,0,0,0,0,0,0,0,0,0,1,2117,2117,0,1,0,1,161
880,1,0,0,0,0,0,0,0,0,0,0,0,0,0,0,1,2,2009,2059,0,1,0,1,230
888,1,0,0,0,0,0,0,0,0,0,0,1,0,0,0,0,3,2893,3251,0,1,0,1,160
893,1,0,0,0,0,0,0,0,0,0,0,0,1,0,0,0,4,332,2052,1,1,0,1,410
899,1,0,0,0,0,0,0,0,0,0,0,1,0,0,0,0,1,2912,2913,1,1,0,1,96
907,1,0,0,0,0,0,0,0,0,0,0,0,0,0,0,1,1,891,891,1,1,0,1,163
912,1,1,0,0,0,0,0,0,0,0,0,0,0,0,0,0,1,3171,3171,0,1,0,1,260
917,1,0,0,0,0,0,0,0,0,0,0,0,1,0,0,0,1,3822,3822,0,1,0,1,128
918,1,1,0,0,0,0,0,0,0,0,0,0,0,0,0,0,3,1794,2648,1,1,0,1,107
926,1,0,0,0,0,0,0,0,0,0,0,0,0,0,0,1,1,1218,1218,1,1,0,1,44
927,1,1,0,0,0,0,0,0,0,0,0,0,0,0,0,0,3,400,2998,1,1,0,1,522
930,1,0,0,0,0,0,0,0,0,0,0,0,0,0,0,1,3,486,1849,0,1,1,1,266
933,0,0,0,0,0,0,0,0,0,0,0,0,0,0,0,1,1,1190,1190,0,1,0,1,205
934,1,1,0,0,0,0,0,0,0,0,0,0,0,0,0,0,5,1011,2492,0,1,1,1,471
949,1,0,0,0,0,0,0,0,0,0,0,0,1,0,0,0,1,1638,1638,1,1,0,1,30
958,1,0,0,0,0,0,0,0,0,0,1,0,0,0,0,0,2,2072,2100,0,1,0,1,105
960,1,0,0,0,0,0,0,0,0,0,0,0,0,0,1,0,1,2533,2533,1,1,0,1,9
965,1,1,0,0,0,0,0,0,0,0,0,0,0,0,0,0,3,744,4065,0,1,1,1,128
968,0,0,0,0,0,0,0,0,0,0,0,0,1,0,0,0,1,1556,1556,1,1,0,1,46
973,0,0,0,0,0,0,0,0,0,0,0,0,0,0,0,1,1,659,659,1,1,0,1,58
975,1,0,0,0,0,0,0,1,0,0,0,0,0,0,0,0,4,871,3746,0,1,0,1,496
977,0,0,0,0,0,0,0,0,0,0,0,0,0,0,0,1,3,1137,1323,0,1,0,1,292
981,1,0,1,0,0,0,0,0,0,0,0,0,0,0,0,0,4,701,2022,1,1,0,1,290
983,1,0,0,0,0,0,0,0,0,0,0,0,1,0,0,0,2,3791,3791,0,1,1,1,98
984,0,0,0,0,0,0,0,0,0,0,0,0,0,0,0,1,1,427,427,0,1,0,1,56
987,1,1,0,0,0,0,0,0,0,0,0,0,0,0,0,0,3,715,3914,1,1,1,1,129
989,1,0,0,0,0,0,0,0,0,1,0,0,0,0,0,0,3,3521,3669,1,1,0,1,331
992,1,0,0,0,1,0,0,0,0,0,0,0,0,0,0,0,1,3229,3229,1,1,0,1,279
999,1,0,0,0,0,0,0,0,0,0,1,0,0,0,0,0,1,2828,2828,1,1,0,1,100
1003,1,0,0,0,1,0,0,0,0,0,0,0,0,0,0,0,3,2200,2256,0,1,1,1,161
1009,1,0,1,0,0,0,0,0,0,0,0,0,0,0,0,0,1,2016,2016,0,1,0,1,54
1010,0,0,0,0,0,0,0,0,0,0,0,0,0,0,0,1,3,1379,1438,0,1,0,1,143
1014,1,0,0,0,0,0,0,0,0,0,0,0,0,0,0,1,1,791,791,1,1,0,1,68
1018,1,0,0,0,0,0,0,0,0,0,0,0,1,0,0,0,2,1710,1743,0,1,1,1,311
1020,1,0,0,0,0,0,0,0,0,1,0,0,0,0,0,0,3,1879,2725,0,1,1,1,164
1021,1,0,0,0,0,0,0,0,0,0,1,0,0,0,0,0,1,2438,2478,1,1,0,1,104
1024,1,0,0,0,0,0,0,0,0,0,0,0,0,0,0,1,1,1836,1836,1,1,0,1,130
1027,1,0,0,1,0,0,0,0,0,0,0,0,0,0,0,0,2,3706,3706,0,1,0,1,228
1029,1,0,0,1,0,0,0,0,0,0,0,0,0,0,0,0,4,2240,3536,0,1,1,1,189
1032,1,0,0,0,0,0,0,0,0,1,0,0,0,0,0,0,1,1052,1052,1,1,0,1,40
1036,1,0,0,0,0,0,0,0,0,0,0,1,0,0,0,0,1,1,1,1,1,0,1,109
1037,1,0,0,0,0,0,0,0,0,0,0,0,0,0,0,1,2,492,1373,0,1,0,1,43
1040,1,1,0,0,0,0,0,0,0,0,0,0,0,0,0,0,2,472,2102,1,1,0,1,229
1042,1,0,0,0,0,0,0,0,0,0,0,0,0,0,0,0,2,2464,3944,1,1,0,1,86
1044,1,1,0,0,0,0,0,0,0,0,0,0,0,0,0,0,1,2977,2977,1,1,0,1,160
1045,0,0,0,0,0,0,0,0,0,1,0,0,0,0,0,0,2,469,792,1,1,0,1,377
1046,1,0,0,1,0,0,0,0,0,0,0,0,0,0,0,0,2,3566,3566,1,1,0,1,229
1047,1,1,0,0,0,0,0,0,0,0,0,0,0,0,0,0,3,2389,2529,0,1,0,1,385
1048,0,0,0,0,0,1,0,0,0,0,0,0,0,0,0,0,1,2249,2249,1,1,0,1,146
1049,1,1,0,0,0,0,0,0,0,0,0,0,0,0,0,0,1,4096,4096,1,1,0,1,229
1055,1,0,0,0,0,0,0,0,0,0,0,0,0,0,0,1,1,513,513,1,1,0,1,119
1057,1,0,0,0,0,1,0,0,0,0,0,0,0,0,0,0,6,471,2348,0,1,1,1,623
1063,1,0,0,0,0,1,0,0,0,0,0,0,0,0,0,0,1,2752,2752,0,1,1,1,35
1066,1,0,0,0,0,0,1,0,0,0,0,0,0,0,0,0,6,380,3642,1,1,0,1,450
1072,1,0,0,0,0,0,0,0,0,0,0,0,1,0,0,0,12,220,3236,0,1,0,1,1446
1076,1,0,0,0,0,0,0,0,0,0,0,0,0,0,1,0,2,3444,3444,0,1,0,1,71
1080,1,1,0,0,0,0,0,0,0,0,0,0,0,0,0,0,2,2571,2579,1,1,0,1,161
1088,0,0,0,1,0,0,0,0,0,0,0,0,0,0,0,0,3,486,3089,0,1,0,1,321
1092,0,0,0,0,0,1,0,0,0,0,0,0,0,0,0,0,2,1920,1963,1,1,0,1,138
1100,1,0,0,0,0,0,0,0,0,1,0,0,0,0,0,0,1,486,486,1,1,0,1,159
1102,1,1,0,0,0,0,0,0,0,0,0,0,0,0,0,0,1,3009,3009,1,1,0,1,184
1104,1,0,1,0,0,0,0,0,0,0,0,0,0,0,0,0,2,2460,3125,1,1,0,1,162
1106,1,1,0,0,0,0,0,0,0,0,0,0,0,0,0,0,2,1021,2418,0,1,1,1,285
1110,1,0,0,0,0,0,0,0,0,1,0,0,0,0,0,0,1,724,724,1,1,0,1,43
1115,1,0,0,0,0,0,0,0,0,1,0,0,0,0,0,0,2,2960,3222,0,1,1,1,160
1126,1,0,0,0,0,0,0,0,0,0,0,0,0,0,0,1,1,658,658,0,1,0,1,56
1133,0,0,0,0,0,0,0,0,0,0,0,0,0,0,0,1,1,829,829,0,1,0,1,89
1143,1,0,0,0,0,0,0,0,0,0,0,0,1,0,0,0,1,2467,2467,1,1,0,1,130
1153,1,1,0,0,0,0,0,0,0,0,0,0,0,0,0,0,1,3822,3822,0,1,0,1,97
1160,1,0,0,0,0,0,0,0,0,0,0,0,1,0,0,0,1,4157,4157,1,1,0,1,254
1162,0,0,0,0,0,0,0,0,0,0,0,0,0,0,0,1,1,1617,1617,1,1,0,1,170
1165,1,0,0,0,0,0,0,0,0,0,0,0,1,0,0,0,3,499,2758,1,1,0,1,237
1166,1,0,0,0,0,0,1,0,0,0,0,0,0,0,0,0,1,829,829,1,1,0,1,202
1175,1,0,0,0,0,0,0,0,0,1,0,0,0,0,0,0,1,4065,4065,0,1,1,1,99
1179,0,0,0,0,0,0,0,0,0,0,0,0,0,0,0,1,3,743,1242,1,1,1,1,47
1184,1,0,0,0,0,0,0,0,0,0,0,0,0,0,0,1,2,583,598,1,1,0,1,149
1187,1,1,0,0,0,0,0,0,0,0,0,0,0,0,0,0,3,471,3304,1,1,0,1,249
1190,1,0,0,0,0,0,1,0,0,0,0,0,0,0,0,0,1,925,925,1,1,0,1,104
1193,1,1,0,0,0,0,0,0,0,0,0,0,0,0,0,0,1,3587,3587,1,1,0,1,33
1195,1,1,0,0,0,0,0,0,0,0,0,0,0,0,0,0,1,2963,2963,1,1,0,1,165
1202,1,0,0,0,0,0,0,0,0,0,0,0,1,0,0,0,2,2899,3852,1,1,0,1,320
1206,0,1,0,0,0,0,0,0,0,0,0,0,0,0,0,0,2,3474,3474,1,1,0,1,45
1209,1,0,0,0,0,0,0,0,0,0,0,0,0,0,0,1,5,525,2513,0,1,0,1,490
1216,1,0,1,0,0,0,0,0,0,0,0,0,0,0,0,0,2,869,2767,0,1,0,1,117
1220,1,0,0,0,0,0,0,0,0,1,0,0,0,0,0,0,1,2943,2943,1,1,0,1,183
1227,1,0,0,0,0,0,0,0,0,0,1,0,0,0,0,0,2,2165,3240,1,1,0,1,157
1236,1,0,0,0,0,0,0,0,0,1,0,0,0,0,0,0,3,1877,1969,1,1,0,1,212
1237,1,0,0,1,0,0,0,0,0,0,0,0,0,0,0,0,1,3270,3270,0,1,0,1,38
1238,1,0,0,0,0,0,0,0,0,0,0,0,1,0,0,0,1,3143,3143,0,1,0,1,229
1241,1,1,0,0,0,0,0,0,0,0,0,0,0,0,0,0,3,1017,2431,1,1,0,1,254
1242,1,0,0,0,0,0,0,0,0,0,0,0,1,0,0,0,1,2744,2744,1,1,0,1,230
1245,0,0,0,0,0,0,0,0,0,0,0,0,0,0,0,1,3,1121,1262,1,1,0,1,288
1247,1,0,0,0,0,0,0,0,0,0,0,0,0,0,1,0,1,2255,2255,0,1,0,1,161
1250,1,0,0,0,0,0,0,0,0,0,0,0,1,0,0,0,2,1275,1323,1,1,1,1,140
1257,1,1,0,0,0,0,0,0,0,0,0,0,0,0,0,0,4,463,2109,0,1,0,1,517
1259,1,0,0,0,0,0,0,0,0,0,0,0,0,0,0,1,1,1221,1221,1,1,1,1,164
1260,1,0,0,0,0,1,0,0,0,0,0,0,0,0,0,0,3,1430,1534,0,1,1,1,65
1261,1,0,0,0,0,0,0,0,0,0,0,0,0,0,0,1,1,364,364,0,1,0,1,149
1270,1,0,0,0,0,0,0,0,0,0,0,0,0,0,0,1,1,1221,1221,1,1,1,1,44
1277,1,0,0,0,0,0,0,0,0,0,0,0,0,0,0,1,1,1147,1147,1,1,0,1,201
1289,0,0,0,0,0,0,0,0,0,0,0,0,0,0,0,1,2,255,408,1,1,0,1,318
1292,1,0,0,0,0,0,1,0,0,0,0,0,0,0,0,0,5,1857,3662,0,1,0,1,240
1299,1,0,0,0,0,0,0,0,0,0,0,0,1,0,0,0,2,3709,3709,1,1,0,1,98
1300,1,0,0,0,0,0,0,0,0,0,0,0,0,0,0,1,1,217,217,1,1,0,1,40
1303,1,1,0,0,0,0,0,0,0,0,0,0,0,0,0,0,5,295,3020,1,1,1,1,531
1305,1,1,0,0,0,0,0,0,0,0,0,0,0,0,0,0,1,2914,2914,1,1,0,1,85
1311,1,0,0,0,0,1,0,0,0,0,0,0,0,0,0,0,4,2850,3458,1,1,1,1,129
1313,1,0,0,0,0,1,0,0,0,0,0,0,0,0,0,0,5,72,2485,1,1,0,1,229
1316,1,1,0,0,0,0,0,0,0,0,0,0,0,0,0,0,9,1128,3376,1,1,0,1,1289
1319,1,0,0,0,0,0,0,0,0,0,1,0,0,0,0,0,1,2310,2317,0,1,0,1,100
1322,1,0,0,0,0,1,0,0,0,0,0,0,0,0,0,0,1,1878,1878,1,1,0,1,35
1323,1,0,0,0,1,0,0,0,0,0,0,0,0,0,0,0,1,3020,3020,0,1,0,1,129
1330,0,0,0,0,0,1,0,0,0,0,0,0,0,0,0,0,1,2101,2101,0,1,0,1,146
1331,1,1,0,0,0,0,0,0,0,0,0,0,0,0,0,0,6,1581,3660,0,1,0,1,158
1332,1,0,0,0,0,0,0,0,0,1,0,0,0,0,0,0,3,1168,1963,0,1,1,1,40
1335,0,1,0,0,0,0,0,0,0,0,0,0,0,0,0,0,2,2548,2799,1,1,0,1,236
1336,1,1,0,0,0,0,0,0,0,0,0,0,0,0,0,0,1,2912,2912,0,1,0,1,161
1339,0,0,0,0,0,0,0,0,0,0,0,0,1,0,0,0,2,1701,1815,0,1,0,1,192
1341,1,1,0,0,0,0,0,0,0,0,0,0,0,0,0,0,10,289,3020,0,1,0,1,1214
1350,1,0,1,0,0,0,0,0,0,0,0,0,0,0,0,0,3,995,3125,1,1,0,1,236
1354,1,1,0,0,0,0,0,0,0,0,0,0,0,0,0,0,3,1995,2877,0,1,1,1,220
1359,1,1,0,0,0,0,0,0,0,0,0,0,0,0,0,0,1,2400,2400,0,1,0,1,161
1362,1,0,0,0,0,0,0,0,0,0,0,0,0,0,0,1,2,429,440,0,1,0,1,303
1368,1,0,0,0,0,0,0,0,0,0,0,0,1,0,0,0,3,1879,3914,1,1,1,1,258
1370,1,0,0,0,1,0,0,0,0,0,0,0,0,0,0,0,2,2891,2897,1,1,0,1,153
1371,1,0,0,0,0,0,0,0,0,0,0,0,0,0,0,1,2,1920,1942,1,1,1,1,130
1377,0,0,0,0,0,0,0,0,0,1,0,0,0,0,0,0,3,2333,3642,0,1,0,1,175
1380,1,0,0,0,0,0,0,0,0,0,0,1,0,0,0,0,1,2962,3248,1,1,0,1,128
1384,1,0,0,0,0,1,0,0,0,0,0,0,0,0,0,0,1,3157,3157,1,1,0,1,220
1386,1,0,0,0,0,1,0,0,0,0,0,0,0,0,0,0,1,2400,3159,1,1,0,1,13
1390,1,0,0,0,0,0,0,0,0,0,0,1,0,0,0,0,3,2887,3167,0,1,0,1,162
1399,1,0,0,0,0,0,0,1,0,0,0,0,0,0,0,0,2,217,3747,1,1,1,1,81
1400,0,0,0,0,0,0,0,0,0,0,0,0,0,0,0,1,1,658,658,0,1,1,1,203
1420,1,0,0,0,0,0,0,0,0,0,0,0,1,0,0,0,3,3433,3471,1,1,0,1,99
1426,1,0,0,0,0,0,0,0,0,1,0,0,0,0,0,0,2,2142,3572,0,1,0,1,68
1427,1,1,0,0,0,0,0,0,0,0,0,0,0,0,0,0,1,2873,3944,1,1,1,1,128
1431,1,0,0,0,1,0,0,0,0,0,0,0,0,0,0,0,1,3461,3461,1,1,0,1,198
1433,1,1,0,0,0,0,0,0,0,0,0,0,0,0,0,0,5,1240,3620,0,1,0,1,271
1437,0,1,0,0,0,0,0,0,0,0,0,0,0,0,0,0,3,1498,2758,0,1,1,1,162
1444,1,0,0,0,0,0,0,0,0,0,0,0,0,0,0,1,1,751,751,0,1,0,1,43
1447,1,0,0,0,0,1,0,0,0,0,0,0,0,0,0,0,1,2481,2481,1,1,0,1,130
1451,1,1,0,0,0,0,0,0,0,0,0,0,0,0,0,0,2,1135,2121,1,1,0,1,281
1453,0,0,0,0,0,0,0,0,0,1,0,0,0,0,0,0,1,4036,4036,0,1,1,1,129
1456,0,0,0,0,0,0,0,0,0,0,0,0,0,0,0,0,2,3552,3552,1,1,0,1,45
1458,1,0,0,0,0,1,0,0,0,0,0,0,0,0,0,0,1,567,567,1,1,1,1,139
1464,1,0,0,0,0,0,0,0,0,0,0,0,0,0,0,1,2,619,1416,1,1,1,1,43
1465,0,0,0,0,0,0,0,0,0,0,0,0,0,0,0,1,1,717,717,1,1,0,1,40
1472,1,1,0,0,0,0,0,0,0,0,0,0,0,0,0,0,2,3405,3405,1,1,0,1,229
1474,1,0,0,0,0,0,0,0,0,0,0,0,0,0,0,1,1,1647,1647,1,1,0,1,267
1475,1,1,0,0,0,0,0,0,0,0,0,0,0,0,0,0,2,3374,3375,1,1,0,1,34
1477,1,0,0,0,0,0,0,0,0,0,0,0,1,0,0,0,1,2856,2856,1,1,0,1,130
1479,1,0,0,0,0,1,0,0,0,0,0,0,0,0,0,0,4,519,2539,0,1,0,1,422
1499,1,0,0,0,0,0,0,0,0,0,0,0,0,0,0,1,2,757,855,0,1,0,1,163
1501,1,0,0,0,0,0,0,0,0,0,0,0,0,0,0,1,1,861,861,1,1,0,1,65
1502,0,1,0,0,0,0,0,0,0,0,0,0,0,0,0,0,1,3552,3552,1,1,0,1,100
1506,1,0,0,0,0,0,0,0,0,0,0,0,1,0,0,0,1,1836,1836,1,1,0,1,40
1517,1,1,0,0,0,0,0,0,0,0,0,0,0,0,0,0,3,3387,3390,1,1,0,1,203
1519,0,0,0,0,0,0,0,0,0,0,0,0,0,0,0,1,1,2551,2551,0,1,0,1,282
1520,1,0,0,0,0,1,0,0,0,0,0,0,0,0,0,0,1,2681,2735,1,1,0,1,130
1523,1,0,0,0,0,1,0,0,0,0,0,0,0,0,0,0,1,2530,2530,0,1,0,1,130
1527,1,0,0,0,0,0,0,0,0,0,0,0,0,0,0,1,1,574,574,1,1,0,1,495
1528,0,0,0,0,0,1,0,0,0,0,0,0,0,0,0,0,4,1521,1725,1,1,1,1,20
1529,1,0,0,0,1,0,0,0,0,0,0,0,0,0,0,0,5,463,3649,1,1,0,1,402
1534,0,0,0,0,0,0,0,0,0,0,0,0,0,0,0,1,2,987,995,0,1,1,1,58
1537,0,0,0,0,0,1,0,0,0,0,0,0,0,0,0,0,1,2891,2905,1,1,1,1,273
1539,1,0,0,0,1,0,0,0,0,0,0,0,0,0,0,0,1,3024,3024,1,1,0,1,129
1541,1,0,0,0,0,0,0,0,0,1,0,0,0,0,0,0,1,2912,2912,1,1,0,1,161
1542,0,0,0,1,0,0,0,0,0,0,0,0,0,0,0,0,2,3642,3642,1,1,0,1,125
1545,1,1,0,0,0,0,0,0,0,0,0,0,0,0,0,0,3,216,2081,1,1,0,1,360
1546,1,0,0,0,0,1,0,0,0,0,0,0,0,0,0,0,1,2583,2583,0,1,0,1,55
1554,0,0,0,0,0,1,0,0,0,0,0,0,0,0,0,0,1,822,822,1,1,0,1,56
1556,1,0,0,1,0,0,0,0,0,0,0,0,0,0,0,0,1,2831,2831,1,1,0,1,160
1560,1,0,0,0,1,0,0,0,0,0,0,0,0,0,0,0,3,1206,2313,0,1,0,1,195
1561,1,0,0,0,0,0,0,0,0,0,0,0,0,0,0,1,2,835,1086,1,1,0,1,99
1563,1,1,0,0,0,0,0,0,0,0,0,0,0,0,0,0,2,3709,3709,1,1,0,1,198
1564,1,1,0,0,0,0,0,0,0,0,0,0,0,0,0,0,2,3704,3704,1,1,0,1,326
1568,1,0,0,0,1,0,0,0,0,0,0,0,0,0,0,0,1,3243,3243,0,1,0,1,183
1576,1,1,0,0,0,0,0,0,0,0,0,0,0,0,0,0,1,2074,2074,0,1,0,1,130
1578,0,0,0,0,0,0,0,0,0,0,0,0,1,0,0,0,1,640,640,1,1,0,1,58
1587,1,0,0,0,1,0,0,0,0,0,0,0,0,0,0,0,1,3265,3265,0,1,0,1,98
1588,1,1,0,0,0,0,0,0,0,0,0,0,0,0,0,0,2,3684,3684,1,1,0,1,69
1594,1,0,0,0,1,0,0,0,0,0,0,0,0,0,0,0,2,2375,2422,0,1,1,1,318
1598,1,0,0,0,0,0,0,0,0,0,0,0,1,0,0,0,1,2962,3157,1,1,0,1,181
1618,1,0,0,0,0,0,0,0,0,0,0,0,1,0,0,0,1,4036,4036,1,1,1,1,97
1624,1,0,0,0,0,0,0,0,0,0,0,0,0,0,0,1,1,1584,1584,0,1,0,1,140
1625,0,0,0,0,0,0,0,0,0,0,0,0,0,0,0,1,1,1087,1087,1,1,0,1,263
1628,1,0,0,0,0,0,0,0,0,0,0,0,1,0,0,0,4,1856,2564,0,1,0,1,141
1640,0,0,0,0,0,1,0,0,0,0,0,0,0,0,0,0,3,2682,2859,0,1,0,1,429
1644,1,0,0,0,0,0,0,0,0,0,1,0,0,0,0,0,5,2045,2508,1,1,1,1,187
1648,0,0,0,0,0,0,0,0,0,0,0,0,0,0,0,1,1,71,71,1,1,0,1,55
1654,1,0,0,0,0,0,0,0,0,0,0,0,1,0,0,0,2,1823,1869,0,1,0,1,75
1655,1,1,0,0,0,0,0,0,0,0,0,0,0,0,0,0,2,2080,2108,1,1,1,1,161
1666,1,1,0,0,0,0,0,0,0,0,0,0,0,0,0,0,1,1128,3382,0,1,0,1,153
1672,1,1,0,0,0,0,0,0,0,0,0,0,0,0,0,0,1,4005,4005,1,1,0,1,68
1675,1,0,0,0,0,1,0,0,0,0,0,0,0,0,0,0,2,1382,2402,1,1,0,1,159
1686,1,0,0,0,0,0,0,0,0,1,0,0,0,0,0,0,1,2327,2327,1,1,0,1,418
1689,1,0,0,0,0,1,0,0,0,0,0,0,0,0,0,0,1,2408,2408,0,1,0,1,130
1696,0,0,0,0,0,0,0,0,0,0,0,0,0,0,0,1,1,617,617,0,1,0,1,178
1697,1,0,0,0,0,0,0,0,0,0,0,0,0,0,0,1,1,416,416,1,1,0,1,40
1701,1,0,0,1,0,0,0,0,0,0,0,0,0,0,0,0,1,3306,3306,0,1,0,1,68
1702,1,0,1,0,0,0,0,0,0,0,0,0,0,0,0,0,1,3125,3125,1,1,0,1,134
1706,1,0,0,0,0,1,0,0,0,0,0,0,0,0,0,0,1,2746,2746,1,1,0,1,411
1707,0,0,0,0,0,0,0,0,0,0,0,0,1,0,0,0,2,3579,3579,1,1,0,1,107
1709,1,1,0,0,0,0,0,0,0,0,0,0,0,0,0,0,2,3646,3646,0,1,0,1,128
1713,1,0,0,0,0,0,0,0,0,0,1,0,0,0,0,0,1,3177,3177,0,1,0,1,10
1720,1,0,0,0,0,0,1,0,0,0,0,0,0,0,0,0,1,920,920,0,1,1,1,141
1724,1,0,0,0,0,0,0,0,0,0,0,0,1,0,0,0,2,2284,2634,0,1,1,1,251
1730,1,0,0,0,0,1,0,0,0,0,0,0,0,0,0,0,2,962,2943,1,1,0,1,206
1735,1,0,0,0,0,0,0,0,0,0,0,0,0,0,0,1,1,1877,1877,1,1,0,1,56
1740,1,0,0,0,0,0,0,0,0,0,0,1,0,0,0,0,1,3222,3222,1,1,0,1,34
1742,1,0,0,0,0,0,0,0,0,1,0,0,0,0,0,0,2,1618,1653,0,1,1,1,3
1751,1,1,0,0,0,0,0,0,0,0,0,0,0,0,0,0,1,2998,2998,0,1,0,1,410
1752,1,0,1,0,0,0,0,0,0,0,0,0,0,0,0,0,1,1261,1261,1,1,0,1,44
1758,1,0,0,0,0,0,0,0,0,1,0,0,0,0,0,0,4,227,2915,1,1,1,1,508
1761,1,0,0,0,0,1,0,0,0,0,0,0,0,0,0,0,3,1878,2619,0,1,0,1,182
1763,1,1,0,0,0,0,0,0,0,0,0,0,0,0,0,0,7,1130,3944,1,1,0,1,1055
1765,1,1,0,0,0,0,0,0,0,0,0,0,0,0,0,0,2,360,2696,0,1,0,1,279
1768,1,0,0,0,0,0,0,0,0,0,0,0,1,0,0,0,4,875,1536,0,1,1,1,197
1776,1,0,0,0,0,0,0,0,0,1,0,0,0,0,0,0,1,3229,3229,1,1,0,1,68
1777,1,1,0,0,0,0,0,0,0,0,0,0,0,0,0,0,2,2971,2976,1,1,0,1,316
1781,1,0,0,0,0,0,0,0,0,1,0,0,0,0,0,0,1,1948,1948,1,1,0,1,54
1782,1,0,0,0,0,0,0,0,0,0,1,0,0,0,0,0,1,3416,3416,1,1,0,1,10
1786,1,0,0,0,0,1,0,0,0,0,0,0,0,0,0,0,2,1983,2158,1,1,0,1,190
1792,1,0,0,0,0,0,0,0,0,0,0,0,1,0,0,0,2,2366,3120,1,1,0,1,288
1794,1,0,0,0,0,0,0,0,0,1,0,0,0,0,0,0,2,2831,2865,0,1,1,1,161
1800,1,0,0,0,1,0,0,0,0,0,0,0,0,0,0,0,2,2326,2334,1,1,0,1,343
1805,1,0,0,0,0,0,0,0,0,0,0,0,0,0,1,0,3,1658,2467,1,1,1,1,184
1810,1,1,0,0,0,0,0,0,0,0,0,0,0,0,0,0,2,2456,2576,0,1,0,1,220
1813,1,0,0,0,0,0,0,0,0,1,0,0,0,0,0,0,3,2836,3143,1,1,0,1,506
1814,0,0,0,0,0,0,0,0,0,0,0,0,1,0,0,0,1,2955,2955,1,1,1,1,173
1815,0,0,0,0,0,0,0,0,0,0,0,0,1,0,0,0,1,3342,3342,0,1,0,1,110
1824,1,0,0,0,0,1,0,0,0,0,0,0,0,0,0,0,2,2759,2794,0,1,0,1,136
1830,1,0,0,0,0,1,0,0,0,0,0,0,0,0,0,0,1,2656,2656,1,1,0,1,130
1833,1,1,0,0,0,0,0,0,0,0,0,0,0,0,0,0,1,2107,2107,1,1,0,1,161
1836,1,0,0,0,0,0,1,0,0,0,0,0,0,0,0,0,1,960,960,0,1,0,1,81
1838,1,0,0,0,0,0,0,0,0,0,1,0,0,0,0,0,1,3398,3398,0,1,0,1,10
1841,1,1,0,0,0,0,0,0,0,0,0,0,0,0,0,0,1,2418,2418,1,1,1,1,161
1845,1,1,0,0,0,0,0,0,0,0,0,0,0,0,0,0,1,3590,3590,1,1,0,1,228
1849,1,1,0,0,0,0,0,0,0,0,0,0,0,0,0,0,9,216,3660,0,1,0,1,1176
1852,1,1,0,0,0,0,0,0,0,0,0,0,0,0,0,0,1,2102,2102,0,1,0,1,54
1855,1,0,0,0,0,0,0,0,0,0,0,0,0,0,0,1,2,1123,1135,0,1,0,1,42
1856,1,0,0,0,0,0,0,0,0,0,0,0,1,0,0,0,2,3548,3548,1,1,1,1,131
1862,1,0,0,0,0,0,0,1,0,0,0,0,0,0,0,0,1,3587,3746,1,1,0,1,43
1864,1,0,0,0,0,0,0,0,0,0,0,0,1,0,0,0,1,2775,2775,0,1,0,1,33
1869,1,0,0,0,0,0,0,0,0,0,0,0,1,0,0,0,2,239,560,1,1,0,1,1200
1872,1,0,0,0,0,1,0,0,0,0,0,0,0,0,0,0,2,1392,1408,1,1,0,1,303
1876,1,1,0,0,0,0,0,0,0,0,0,0,0,0,0,0,1,3019,3019,1,1,0,1,184
1894,1,1,0,0,0,0,0,0,0,0,0,0,0,0,0,0,1,668,1926,1,1,0,1,84
1900,1,0,0,0,1,0,0,0,0,0,0,0,0,0,0,0,3,3215,3684,0,1,0,1,122
1901,1,1,0,0,0,0,0,0,0,0,0,0,0,0,0,0,3,834,3011,0,1,1,1,160
1907,1,0,0,0,1,0,0,0,0,0,0,0,0,0,0,0,3,598,3251,0,1,1,1,6
1908,1,0,1,0,0,0,0,0,0,0,0,0,0,0,0,0,2,2380,2404,1,1,0,1,88
1915,1,0,0,0,0,0,0,0,0,0,0,0,0,0,1,0,5,465,3791,1,1,0,1,297
1922,1,0,0,0,0,0,1,0,0,0,0,0,0,0,0,0,2,3660,3660,0,1,0,1,33
1923,1,0,0,0,1,0,0,0,0,0,0,0,0,0,0,0,2,3222,3436,1,1,0,1,130
1926,1,0,0,0,0,0,0,0,0,0,0,0,0,0,0,1,1,714,714,0,1,0,1,163
1928,1,0,0,0,0,0,0,0,0,0,0,0,1,0,0,0,2,2296,2466,0,1,0,1,318
1930,1,0,0,0,0,0,0,0,0,0,0,1,0,0,0,0,1,2960,3194,0,1,1,1,160
1940,1,1,0,0,0,0,0,0,0,0,0,0,0,0,0,0,1,3914,3914,1,1,0,1,139
1941,1,1,0,0,0,0,0,0,0,0,0,0,0,0,0,0,2,1570,2369,1,1,0,1,203
1946,1,0,0,0,0,0,0,0,0,0,0,0,0,0,0,1,2,1073,1080,0,1,0,1,57
1949,1,0,0,0,0,0,0,0,0,0,0,0,0,0,0,1,1,1564,1564,1,1,0,1,91
1950,1,0,0,0,0,0,0,0,0,0,0,1,0,0,0,0,1,3243,3243,0,1,0,1,135
1955,1,0,0,0,0,1,0,0,0,0,0,0,0,0,0,0,1,1766,1766,0,1,0,1,142
1957,1,0,0,0,0,0,0,0,0,0,1,0,0,0,0,0,1,1288,2317,0,1,0,1,95
1961,1,0,0,0,0,0,0,0,0,0,0,0,1,0,0,0,2,1288,2073,1,1,0,1,508
1962,1,0,0,0,0,0,0,0,0,0,0,0,0,0,0,1,1,962,962,0,1,0,1,263
1964,1,0,0,0,0,0,0,0,0,1,0,0,0,0,0,0,1,1919,1919,1,1,0,1,150
1970,1,0,0,0,0,0,0,0,0,0,0,0,0,0,0,1,2,1233,1246,0,1,0,1,81
1974,1,0,0,0,0,1,0,0,0,0,0,0,0,0,0,0,2,1135,1408,1,1,0,1,287
1976,1,0,0,0,0,0,0,0,0,0,0,0,1,0,0,0,6,778,2219,0,1,0,1,577
1981,1,0,0,0,1,0,0,0,0,0,0,0,0,0,0,0,1,3340,3340,1,1,0,1,98
1986,1,0,0,0,0,0,0,0,0,0,0,0,0,0,0,1,1,659,659,1,1,0,1,188
1989,1,0,0,0,0,0,0,0,0,0,0,0,1,0,0,0,1,3299,3299,1,1,0,1,69
1990,0,0,0,0,0,0,0,0,0,0,0,0,1,0,0,0,1,3436,3436,0,1,0,1,1030
1991,1,1,0,0,0,0,0,0,0,0,0,0,0,0,0,0,3,1415,2431,1,1,1,1,130
1992,1,0,0,0,0,0,0,0,0,0,0,0,1,0,0,0,1,2807,2807,0,1,0,1,55
1993,1,0,0,0,0,0,0,1,0,0,0,0,0,0,0,0,2,2466,3747,0,1,0,1,133
1995,1,0,0,0,0,1,0,0,0,0,0,0,0,0,0,0,2,1136,1400,0,1,0,1,184
1997,1,0,0,0,0,0,0,0,0,0,1,0,0,0,0,0,1,2633,2633,1,1,0,1,10
